gene	aer_1 	aer_2	aer_3	anaer_1	anaer_2	anaer_3
aaeA	14	5	13	20	24	27
aaeB	11	2	10	36	33	40
aaeR	57	46	33	114	127	103
aaeX	7	0	8	5	4	5
aas	149	154	117	121	126	134
aat	41	32	31	23	21	43
abgA	5	5	3	15	6	8
abgB	18	9	5	29	33	25
abgR	18	14	15	9	11	10
abgT	11	5	5	25	18	19
abrB	14	11	20	82	85	77
accA	537	620	656	384	363	427
accB	973	822	806	491	499	413
accC	1482	1374	1720	854	838	888
accD	975	1011	1003	665	690	709
aceA	3238	3416	3522	2039	2013	2356
aceB	3645	3673	3609	4567	4776	4209
aceE	5551	5817	5661	8587	8506	8585
aceF	3017	2984	3218	3828	3873	3474
aceK	553	453	526	346	364	356
ackA	361	379	283	2277	2226	2402
acnA	571	540	477	448	470	416
acnB	4999	4999	5584	1080	1077	1024
acpH	20	18	10	11	27	24
acpP	2004	2033	1391	1392	1420	1609
acpS	20	30	20	52	79	58
acpT	45	30	20	158	137	186
acrA	470	457	513	391	277	278
acrB	1216	1238	1171	677	753	813
acrD	23	18	31	65	73	83
acrE	0	2	3	12	11	10
acrF	20	21	10	55	38	55
acrR	45	44	38	56	61	66
acs	248	211	260	15	18	24
actP	68	96	61	11	22	24
ada	23	14	26	66	87	98
add	70	76	84	77	67	75
ade	36	23	31	32	34	45
adhE	3001	2961	3032	9459	9734	9398
adhP	127	126	161	63	59	66
adiA	11	18	8	1748	1791	1848
adiC	2	5	0	3016	2970	3288
adiY	4	5	5	192	174	182
adk	826	751	613	846	869	740
adrA	4	9	8	29	19	23
adrB	13	9	5	31	24	36
aegA	13	16	15	73	80	101
aer	156	129	123	27	22	34
aes	4	5	13	8	23	17
agaB	0	0	0	1	1	3
agaC	2	0	3	1	4	3
agaD	4	0	0	4	5	7
agaI	2	0	3	7	4	7
agaR	101	85	107	137	157	169
agaS	0	0	3	29	19	20
agaV	4	0	3	3	2	4
agp	104	74	115	92	76	85
aidB	75	83	66	2951	2988	1625
ais	2	0	3	3	2	1
alaA	269	239	212	275	265	285
alaC	165	175	181	92	103	98
alaE	2	0	8	584	591	482
alaS	2290	2242	2065	1620	1625	1823
aldA	1029	875	827	48	40	36
aldB	32	39	18	33	27	24
alkA	11	9	10	45	29	45
alkB	7	7	3	27	29	22
allA	0	0	5	15	4	7
allB	2	2	5	19	18	14
allD	2	2	0	7	6	6
allR	196	257	230	321	313	244
allS	0	2	3	8	10	6
alr	144	136	123	193	178	164
alx	16	18	28	7	10	12
amiA	74	60	71	63	71	80
amiB	117	106	133	221	212	219
amiC	70	87	102	86	108	90
amiD	63	80	71	238	219	200
amn	320	340	291	450	422	459
ampC	47	37	36	27	34	24
ampD	40	34	51	120	127	96
ampE	43	57	48	80	98	110
ampG	117	117	112	53	31	51
ampH	79	67	46	86	116	76
amtB	235	202	181	56	54	47
anmK	54	55	31	73	61	71
ansA	212	170	171	137	140	131
ansB	14	21	15	70	70	60
ansP	23	18	20	19	15	22
apaG	83	87	105	109	125	117
apaH	84	85	74	113	115	137
apbE	23	9	20	70	57	59
aphA	7	7	8	33	33	40
appA	32	9	15	1865	1805	1661
appB	29	18	31	2861	2732	3096
appC	34	32	31	5936	5691	4761
apt	280	303	299	132	125	142
aqpZ	20	21	15	33	24	23
araA	5	7	8	31	33	32
araB	4	2	0	19	24	16
araC	31	44	38	23	30	21
araD	4	0	3	13	4	8
araE	7	16	10	43	39	52
araF	7	2	0	13	6	8
araG	16	11	15	35	23	32
araH	14	23	31	39	40	39
araJ	18	14	28	40	38	45
arcA	600	609	689	1726	1722	1750
arcB	178	193	158	326	349	310
argA	528	620	457	33	42	46
argB	368	296	337	23	22	21
argC	474	512	434	16	11	13
argD	821	799	732	68	61	49
argE	408	368	311	162	138	132
argG	2205	2226	1963	125	127	109
argH	860	907	822	86	65	71
argI	512	436	411	5	11	9
argK	4	2	0	16	13	14
argO	18	11	28	21	17	27
argP	131	115	148	176	183	204
argR	108	101	79	63	65	76
argS	453	508	495	231	246	272
argT	253	289	209	7	6	9
arnA	52	34	43	128	140	113
arnB	18	16	20	45	45	47
arnC	14	7	8	23	36	20
arnD	9	14	8	37	31	33
arnE	4	2	3	9	6	13
arnF	4	7	3	20	10	12
arnT	13	14	10	51	50	45
aroA	885	949	778	1282	1331	990
aroB	666	671	602	487	479	454
aroC	404	386	401	192	224	247
aroD	59	106	84	109	86	98
aroE	167	147	133	222	231	145
aroF	957	990	939	153	150	141
aroG	1708	1716	1807	4301	4470	4931
aroH	208	191	232	122	121	120
aroK	411	397	413	334	339	268
aroL	210	163	181	192	194	190
aroM	31	34	36	27	31	30
aroP	1072	1082	1202	846	846	1036
arsB	16	7	5	16	15	20
arsC	9	0	8	9	5	9
arsR	7	7	3	9	7	7
artI	217	225	255	41	44	59
artJ	580	558	546	19	23	22
artM	56	92	87	25	41	29
artP	160	159	153	43	39	48
artQ	68	55	82	16	27	28
ascB	11	30	26	55	52	39
ascF	9	16	20	28	29	41
ascG	84	110	71	63	53	18
asd	2891	3062	2693	3225	3253	2349
aslB	9	5	5	17	12	16
asmA	185	170	166	199	221	179
asnA	278	237	271	112	91	75
asnB	462	485	503	720	674	643
asnC	13	11	23	47	51	43
asnS	1437	1404	1141	858	911	1060
aspA	136	115	94	307	300	310
aspC	1543	1512	1541	1487	1466	938
aspS	977	1011	955	1797	1663	1434
astA	14	23	15	12	11	8
astB	5	21	18	13	12	18
astC	14	18	23	8	11	12
astD	5	14	15	11	17	14
astE	5	5	10	11	7	9
atpA	5975	5895	5827	1658	1613	2123
atpB	1165	1222	1090	315	366	387
atpC	801	859	829	387	322	470
atpD	3538	3657	3639	1331	1282	1876
atpE	603	577	375	156	165	179
atpF	2038	2185	2151	547	562	531
atpG	2370	2256	2037	662	696	723
atpH	1158	1202	1069	275	288	341
atpI	325	260	207	64	87	72
avtA	602	533	556	206	260	209
azoR	70	57	82	49	50	56
bacA	59	51	77	74	73	71
baeR	48	67	64	104	80	73
baeS	23	16	28	20	23	29
bamA	1923	2003	1769	1392	1402	1242
bamB	553	588	653	487	481	570
bamC	675	641	717	720	737	822
bamD	462	455	518	525	529	537
bamE	136	145	151	180	155	218
basR	27	14	31	68	67	75
basS	31	41	20	98	80	84
bax	278	324	273	101	92	130
bcp	580	542	327	309	340	319
bcr	97	106	94	197	215	212
bcsA	23	23	28	27	30	34
bcsB	31	25	20	27	23	34
bcsC	86	94	100	218	172	185
bcsG	126	142	102	86	98	90
bcsZ	14	9	10	15	8	13
bdm	0	0	5	0	0	1
bfd	54	60	26	1	5	2
bfr	343	317	230	426	459	286
bglA	278	292	337	209	215	176
bglB	9	2	0	4	8	13
bglF	43	44	43	80	92	93
bglG	0	5	0	1	1	2
bglH	4	0	3	11	6	8
bglJ	22	34	38	9	4	5
bglX	208	209	250	262	224	254
bhsA	2	5	0	4	6	6
bioA	50	62	79	106	108	138
bioB	113	129	97	218	230	168
bioC	32	32	38	94	88	128
bioD	31	28	26	81	100	82
bioF	66	62	71	142	160	207
bioH	41	44	36	66	44	45
birA	95	92	87	66	76	67
bisC	217	191	209	331	304	262
blc	27	21	23	66	56	62
bolA	104	64	61	109	120	108
brnQ	75	83	89	621	606	750
bsmA	7	5	3	20	25	25
bssR	14	21	10	1009	1063	884
bssS	22	11	18	55	40	48
btuC	27	57	38	68	59	61
btuD	93	85	87	120	138	120
btuE	66	103	89	81	75	90
btuF	23	48	36	56	45	45
btuR	47	28	41	56	58	49
cadA	5	9	18	21	16	28
cadB	4	0	0	4	12	9
cadC	13	7	10	23	15	15
caiA	25	5	20	35	52	51
caiC	16	7	15	35	38	29
caiD	4	5	0	9	8	5
caiE	0	7	0	12	7	12
caiF	23	16	28	160	136	111
caiT	4	2	3	9	12	14
can	910	832	812	387	368	334
carA	2076	2047	2157	113	69	88
carB	4558	4480	4941	223	221	265
cbl	57	62	89	24	22	27
cbpA	83	92	112	4749	4729	4362
cbpM	11	11	18	529	506	921
cbrA	5	0	3	8	6	13
cbrB	4	16	15	19	15	12
cbrC	9	16	13	16	17	15
cca	126	126	130	360	310	432
ccmA	9	9	15	39	47	37
ccmB	4	2	0	19	13	19
ccmC	16	16	23	29	23	39
ccmD	0	0	5	0	1	4
ccmE	14	5	0	31	71	65
ccmF	34	39	20	66	69	89
ccmG	9	7	13	13	16	16
ccmH	20	16	18	36	25	28
cdaR	14	30	26	28	25	17
cdd	38	53	56	160	162	184
cdgR	11	16	20	88	84	66
cdh	7	14	41	20	19	25
cdsA	215	248	191	140	132	137
cedA	2	5	8	7	5	9
cfa	566	657	493	4108	4265	3453
chaA	88	62	48	21	18	24
chaB	0	5	3	12	22	16
chaC	54	57	46	94	99	92
chbA	7	7	0	15	10	9
chbB	4	0	10	4	4	5
chbC	7	18	8	13	15	12
chbF	11	9	8	19	18	21
chbG	7	11	20	36	23	31
chbR	14	14	10	31	24	20
cheA	1083	1123	1092	73	68	75
cheB	237	202	209	20	17	9
cheR	171	165	171	13	15	14
cheW	602	572	584	23	29	29
cheY	438	351	283	17	24	10
cheZ	454	462	513	17	19	17
chiP	2	0	3	13	7	13
chiQ	5	2	3	4	8	10
cho	38	37	41	59	52	36
cirA	1051	956	1003	55	52	59
citC	4	2	0	17	21	14
citD	0	0	0	3	4	3
citE	4	0	0	15	16	16
citF	2	0	3	15	11	20
citX	0	0	3	8	5	8
clcA	57	60	36	266	247	192
clcB	13	16	23	41	22	32
cld	930	921	845	213	230	205
clpB	347	388	347	1749	1759	1565
clpP	338	315	327	559	505	474
clpS	43	44	41	160	160	108
clpX	982	949	965	1713	1604	1928
cls	162	145	123	290	309	330
cmk	162	156	227	93	100	88
cmoA	97	113	77	93	92	86
cmoB	88	85	100	101	87	81
cmtA	0	5	0	19	10	11
cmtB	0	2	3	1	2	2
cnu	2	0	5	37	34	52
coaA	108	124	112	72	85	65
coaD	34	28	38	17	16	18
coaE	66	51	92	64	68	61
cobB	138	115	140	188	197	170
cobC	18	23	31	17	21	23
cobS	56	44	38	98	87	21
cobT	88	78	94	162	155	48
cobU	29	16	41	59	61	30
cof	31	21	13	40	34	65
copA	815	822	1026	9989	9617	9688
corA	122	149	105	110	113	107
cpdA	140	85	161	214	206	318
cpdB	101	62	89	56	62	69
cpsB	11	7	15	12	10	12
cpsG	2	0	10	13	6	11
cpxA	199	191	168	326	274	303
cpxP	16	21	10	13	23	35
cpxR	241	221	171	287	286	248
cra	176	195	166	579	583	647
crcB	29	30	31	113	109	71
creA	45	53	48	40	47	30
creB	52	44	46	40	45	42
creC	25	37	31	39	52	51
creD	16	9	15	25	22	21
crl	210	202	230	66	54	65
crp	711	719	684	1019	954	1071
crr	1499	1479	1192	1357	1422	1695
csdA	84	85	92	136	107	166
csdE	47	28	26	60	47	57
csdL	56	85	66	64	58	68
csgA	13	11	10	9	8	17
csgB	2	0	0	1	0	2
csgD	40	34	26	8	10	15
csgE	20	28	23	4	4	3
csgF	18	21	18	3	1	3
csgG	56	57	51	32	33	30
csiD	27	30	36	11	17	22
csiE	22	18	23	49	48	55
csiR	34	41	36	59	63	64
cspA	386	372	345	2994	3197	2272
cspD	106	106	79	207	194	181
cspE	1654	1622	1294	1724	1702	2988
cspG	0	0	3	5	4	2
cspH	2	0	0	0	0	1
csrA	133	90	31	306	298	439
csrD	97	74	51	270	264	279
cueO	359	303	319	1233	1212	1149
cueR	36	41	33	311	317	330
curA	115	80	71	117	138	72
cusA	411	379	444	45	53	50
cusB	293	310	378	7	10	11
cusC	614	567	681	8	10	10
cusF	176	188	230	3	8	5
cusR	124	115	100	19	19	22
cusS	101	76	82	28	29	42
cutA	22	25	26	48	40	23
cutC	48	64	56	223	224	303
cvpA	372	356	311	43	39	52
cvrA	104	96	112	130	120	126
cyaA	894	882	722	1591	1630	1659
cyaY	40	51	43	53	44	60
cybB	90	85	84	40	34	37
cycA	345	324	319	527	437	519
cydA	487	476	339	1611	1549	1838
cydB	298	260	250	1088	1190	1199
cydC	156	149	128	109	121	139
cydD	165	179	191	90	86	79
cynS	0	0	3	4	11	10
cynX	2	5	3	12	21	18
cyoA	2491	2350	2695	29	29	32
cyoB	3611	3540	3366	63	77	68
cyoC	607	623	671	15	10	12
cyoD	314	342	375	9	5	6
cyoE	1054	1004	1080	59	40	45
cysA	318	379	403	589	539	667
cysB	158	138	117	158	169	149
cysC	212	227	217	92	73	63
cysD	542	492	523	359	328	326
cysE	138	115	117	210	238	209
cysG	95	110	123	74	84	80
cysH	596	508	375	274	269	206
cysI	1191	1176	1148	785	695	654
cysJ	961	1013	934	652	692	726
cysK	2746	3007	2749	4176	4191	4077
cysM	409	453	462	642	633	368
cysN	937	981	1067	596	517	544
cysP	329	308	309	690	675	532
cysQ	59	69	74	104	77	94
cysS	293	264	362	161	150	156
cysU	120	99	125	223	264	216
cysW	149	165	145	202	218	233
cysZ	43	51	31	49	68	58
cytR	99	140	128	85	92	68
dacA	368	370	442	239	249	279
dacB	66	76	97	85	64	67
dacC	183	133	143	338	323	345
dacD	41	18	15	47	46	33
dadA	70	60	69	275	215	263
dadX	27	39	48	86	136	133
dam	124	177	151	120	108	136
damX	779	717	875	799	830	828
dapA	670	705	784	935	1035	1097
dapB	467	577	467	114	143	118
dapD	1147	1218	1044	863	840	890
dapE	129	99	128	158	151	173
dapF	199	198	204	283	306	258
dbpA	84	62	38	66	65	68
dcd	113	115	148	108	96	139
dcp	476	476	368	262	281	180
dcrB	180	168	156	266	235	281
dctA	187	198	199	60	77	52
dctR	7	5	3	230	263	211
dcuA	303	338	296	392	382	436
dcuB	5	7	8	51	52	43
dcuD	2	5	8	16	25	21
dcuR	43	32	43	49	42	47
ddlA	86	99	110	375	301	349
ddlB	189	165	163	255	248	254
ddpA	25	18	15	19	10	14
ddpB	7	9	15	3	13	12
ddpC	9	7	5	16	13	17
ddpD	11	7	0	1	15	14
ddpF	18	21	8	41	17	32
ddpX	11	2	5	3	5	5
deaD	891	907	1125	1978	1920	2174
dedA	83	103	69	170	159	115
dedD	101	80	82	89	98	84
def	239	179	222	330	356	270
degP	282	239	227	198	191	256
degQ	104	131	105	120	146	135
degS	72	67	43	65	67	89
deoA	110	110	153	219	201	217
deoB	309	345	327	656	610	819
deoC	63	87	71	201	196	182
deoD	287	241	253	230	251	268
deoR	61	76	54	134	128	107
der	454	432	439	376	332	362
dfp	183	200	161	181	165	154
dgoA	0	2	5	5	10	7
dgoD	13	5	15	16	19	22
dgoK	5	2	5	16	13	24
dgoR	16	25	20	48	54	38
dgoT	7	0	5	11	13	15
dgsA	120	85	64	113	105	76
dgt	75	37	51	88	92	73
dhaK	205	149	181	136	140	111
dhaL	90	96	79	48	64	58
dhaM	296	255	245	218	259	174
dhaR	48	37	23	69	58	55
diaA	70	96	110	98	92	122
dicB	0	0	0	0	0	1
dinB	27	28	28	70	58	49
dinD	11	21	13	12	19	13
dinF	27	23	28	41	34	53
dinG	68	83	54	104	121	129
dinI	32	57	66	20	22	18
dinJ	14	21	10	20	22	34
djlA	68	55	64	106	100	123
djlC	20	25	8	31	35	27
dkgA	224	216	265	281	260	160
dkgB	20	34	28	16	21	19
dksA	347	423	424	251	283	272
dld	479	517	464	757	707	757
dmlA	7	25	13	81	81	79
dmlR	48	32	26	52	58	56
dmsA	25	39	26	136	143	119
dmsB	0	7	0	35	24	35
dmsC	23	9	15	57	47	54
dmsD	40	34	31	55	39	46
dnaA	334	425	385	347	401	434
dnaB	343	285	370	222	217	228
dnaC	34	28	48	73	80	85
dnaE	530	563	490	396	416	411
dnaG	402	395	411	342	390	385
dnaJ	244	209	306	289	287	262
dnaK	1485	1399	1513	3318	3411	3396
dnaN	293	264	301	283	223	271
dnaQ	97	96	110	65	70	95
dnaT	25	16	41	53	39	64
dnaX	289	319	288	408	437	472
dosC	95	78	61	56	73	53
dosP	61	96	59	72	64	69
dpiA	20	16	18	29	21	24
dpiB	43	44	28	63	40	54
dppA	1776	1847	1677	875	898	809
dppB	192	159	202	104	85	85
dppC	122	117	100	73	68	93
dppD	174	204	209	156	153	126
dppF	232	204	214	165	154	161
dps	623	625	641	8587	8533	7703
dsbA	248	246	189	124	144	136
dsbB	65	76	71	64	63	90
dsbC	131	154	128	173	156	156
dsbD	101	99	117	74	86	99
dsdA	40	39	33	35	35	28
dtd	83	64	87	182	179	140
dtpA	18	18	18	594	571	861
dtpB	36	21	28	176	172	172
dtpD	41	78	48	40	45	40
dusA	95	133	94	39	48	50
dusB	1243	1126	1036	680	710	665
dusC	32	28	33	17	17	19
dut	81	103	151	51	39	50
dxr	124	129	163	249	232	171
dxs	375	393	378	332	287	328
eamA	153	149	69	51	51	32
eamB	4	2	10	13	18	19
ebgA	13	16	8	17	36	35
ebgC	0	0	0	1	4	1
ebgR	38	14	31	60	57	52
ecnA	0	0	0	5	4	3
ecnB	47	41	77	31	24	50
eco	5	14	13	57	34	34
ecpD	2	0	0	4	5	5
eda	176	200	171	259	246	318
edd	124	145	105	192	173	159
efeB	289	324	278	16	21	18
efeO	614	632	577	13	15	12
efp	822	806	781	458	404	496
elaA	50	60	15	88	69	53
elaB	178	200	237	301	324	372
elbB	68	87	71	110	105	94
elfA	9	7	5	11	7	8
elfD	2	0	0	5	6	8
elfG	16	7	3	19	22	21
emrA	180	156	176	85	77	84
emrB	79	131	105	64	71	82
emrD	0	2	0	9	15	13
emrK	2	0	0	5	6	4
emrY	2	7	0	1	2	5
emtA	99	67	92	33	44	44
endA	4	5	3	8	18	10
eno	4547	4553	4362	7057	7192	7822
entA	117	85	151	23	27	21
entB	180	193	240	8	11	9
entC	354	349	385	11	4	9
entD	31	30	20	4	4	5
entE	365	400	434	13	17	18
entF	481	526	630	33	45	59
entH	95	55	89	7	5	9
entS	136	131	125	5	8	10
envC	215	227	207	207	234	233
envR	5	2	0	1	5	1
envZ	95	67	77	120	105	119
epd	289	301	311	367	338	400
eptA	7	7	5	90	79	87
eptB	43	41	36	189	186	170
era	395	409	396	407	410	428
erfK	52	60	33	202	214	181
erpA	47	78	71	128	123	84
etk	16	39	51	145	115	138
etp	2	5	5	5	7	7
eutA	7	2	3	5	15	15
eutB	160	184	199	388	402	407
eutC	18	18	38	23	36	31
eutD	2	0	5	1	7	11
eutE	4	0	0	5	5	8
eutG	0	5	3	5	8	9
eutH	2	0	0	23	17	19
eutJ	4	0	0	4	6	6
eutK	9	7	13	9	12	16
eutL	18	21	20	29	17	20
eutM	2	7	3	7	6	5
eutN	0	0	0	0	1	1
eutP	0	2	5	4	0	3
eutQ	0	0	3	3	10	4
eutR	22	32	15	35	29	33
eutS	0	0	0	1	0	1
eutT	4	0	5	9	5	6
evgA	86	83	66	375	341	297
evgS	120	99	87	235	223	204
exbB	778	779	738	104	87	98
exbD	314	278	237	32	42	51
exoX	36	44	38	92	94	112
exuR	75	85	82	192	200	205
exuT	16	9	15	32	29	52
fabA	370	409	416	400	384	491
fabB	979	919	1018	2124	2019	1288
fabD	900	944	1018	521	466	386
fabF	1415	1461	1679	1029	979	1046
fabG	1239	1229	1355	959	940	1055
fabH	767	726	768	399	487	286
fabI	1083	1190	1302	585	598	716
fabR	99	110	92	164	200	178
fabZ	512	489	419	567	575	399
fadA	27	28	28	24	15	17
fadB	117	87	87	16	18	21
fadD	79	71	56	68	79	95
fadE	104	80	120	53	39	56
fadH	9	25	18	16	18	23
fadI	41	39	28	29	27	27
fadJ	79	69	66	41	47	43
fadK	5	5	8	21	13	25
fadL	176	202	163	19	22	20
fadM	5	5	5	7	5	8
fadR	119	92	123	105	132	122
fau	34	18	18	98	93	104
fbaA	2719	2807	2915	3343	3281	3153
fbaB	372	391	401	1059	996	709
fbp	286	273	245	266	252	265
fcl	7	7	13	5	11	11
fdhD	50	53	48	69	75	76
fdhE	119	122	158	133	148	166
fdhF	29	28	54	2568	2533	2234
fdnG	20	11	3	24	18	21
fdnH	2	0	3	7	7	12
fdnI	11	2	0	15	12	15
fdoG	469	473	457	289	280	283
fdoH	27	32	54	53	40	57
fdoI	13	9	18	25	35	34
fdrA	0	2	0	5	6	9
fdx	99	147	110	153	133	127
feaB	40	25	54	43	35	38
feaR	13	14	20	4	5	9
feoA	25	16	20	65	64	55
feoB	239	257	245	633	617	786
feoC	11	5	10	25	12	21
fepA	738	678	763	29	31	40
fepB	113	92	74	12	6	10
fepC	56	53	41	5	1	9
fepD	34	32	20	3	2	8
fepE	0	2	0	7	2	4
fepG	43	28	43	8	15	9
fes	106	119	138	11	13	8
ffh	541	459	439	456	497	468
fhlA	45	21	56	207	238	216
fhuA	1221	1181	1141	72	62	76
fhuB	119	122	148	47	33	37
fhuC	93	80	74	23	23	22
fhuD	93	90	61	21	13	14
fhuE	127	85	123	43	33	35
fhuF	646	639	676	8	10	15
fic	54	53	36	108	126	62
fieF	111	126	125	166	161	134
fimD	93	94	84	86	80	95
fimH	23	34	41	39	40	50
fimZ	0	2	0	3	4	1
fis	388	370	339	203	197	174
fiu	936	763	860	25	27	33
fixA	0	0	0	5	4	6
fixB	4	7	0	8	0	10
fixC	0	7	0	9	8	10
fixX	0	2	0	0	2	2
fklB	205	253	304	109	91	82
fkpA	578	501	442	706	730	748
fkpB	104	103	77	84	108	110
fldA	300	303	265	253	295	277
fldB	79	92	89	137	130	139
flgA	323	299	268	13	4	7
flgB	641	641	577	1	5	4
flgC	388	377	429	0	1	3
flgD	923	951	1235	17	10	9
flgE	2157	2049	2108	23	29	21
flgF	720	641	822	8	2	12
flgG	812	832	732	12	19	17
flgH	325	333	360	9	5	10
flgI	347	317	314	8	15	11
flgK	977	1018	1003	55	52	46
flgL	783	733	715	68	63	55
flgM	106	76	135	9	10	21
flgN	165	179	158	19	22	23
flhA	253	285	309	39	46	57
flhB	156	87	138	5	17	12
flhC	120	117	107	19	23	19
flhD	101	122	97	11	10	18
flhE	13	25	26	5	1	3
flk	59	64	59	51	29	49
fmt	287	296	278	500	489	562
focA	237	156	158	656	650	360
focB	9	11	33	31	24	25
folA	47	67	51	31	21	39
folB	11	9	15	11	15	10
folC	266	264	260	98	85	88
folD	278	262	322	263	288	359
folE	514	487	561	407	393	440
folK	56	64	54	15	22	18
folM	43	46	36	48	45	45
folP	131	136	84	53	58	66
folX	110	136	123	33	35	40
fpr	77	87	102	188	172	163
frc	2	2	0	12	13	7
frdA	138	119	151	1528	1514	1442
frdB	40	32	41	435	471	456
frdC	11	9	3	172	185	166
frdD	11	11	5	150	138	205
fre	235	186	237	468	449	326
frlA	2	5	5	7	5	11
frlB	5	0	3	13	7	11
frlC	4	0	5	13	12	11
frlD	7	7	8	21	30	24
frlR	31	46	23	101	114	81
frmA	68	67	97	48	48	51
frmB	20	23	20	36	31	23
frmR	13	9	20	8	11	10
frr	729	742	704	455	468	550
frsA	102	94	107	180	177	204
fruA	63	55	66	237	248	162
fruB	22	21	15	76	69	45
fruK	23	14	23	76	76	57
frvA	0	0	0	3	1	1
frvB	2	0	0	15	13	17
frvR	5	5	3	17	15	13
frvX	0	5	8	9	12	15
frwB	0	0	0	0	6	3
frwC	4	2	0	8	8	11
frwD	2	0	0	12	6	6
fryA	14	9	15	21	23	29
fryB	0	0	0	1	4	1
fryC	2	2	3	4	11	9
fsaA	13	11	18	19	25	17
fsaB	7	5	0	12	8	10
fsr	43	28	20	23	23	29
ftnA	50	67	51	148	108	87
ftnB	14	11	15	43	50	50
ftsA	338	326	316	306	370	283
ftsB	63	41	71	27	41	30
ftsE	88	119	194	136	143	122
ftsH	1661	1686	1766	2033	2033	2496
ftsI	250	255	151	491	451	604
ftsK	711	765	692	723	686	802
ftsL	31	21	38	51	39	45
ftsN	172	165	204	185	165	194
ftsP	162	142	197	203	178	270
ftsQ	201	161	191	307	278	208
ftsW	198	218	174	262	252	224
ftsX	167	126	125	211	189	202
ftsY	418	441	329	524	508	248
ftsZ	1192	1153	1133	1184	1117	941
fucI	16	14	3	24	30	26
fucK	11	14	13	27	23	21
fucO	13	11	18	37	30	39
fucR	34	16	41	25	29	34
fucU	18	30	20	23	34	28
fumA	634	597	643	76	65	63
fumB	25	21	15	70	70	64
fumC	230	237	235	16	33	27
fur	372	299	265	251	246	209
fusA	21580	22319	22523	6361	6323	6936
fxsA	18	14	18	45	38	32
gabD	104	113	115	180	179	159
gabP	32	25	43	29	42	22
gabT	110	117	117	132	140	134
gadB	102	115	120	5144	5154	6271
gadC	151	175	171	17812	17819	17578
gadE	27	23	8	793	823	483
gadW	72	57	54	454	418	433
gadX	68	55	48	786	816	793
galF	875	875	773	331	298	363
galP	131	99	135	59	77	63
galR	61	55	48	106	117	111
galS	18	23	13	9	15	12
galU	400	446	306	342	338	375
gapA	9164	9228	8185	9165	9498	11137
garD	4	16	8	44	50	39
garK	18	18	18	35	50	31
garL	4	0	3	11	4	9
garP	2	2	0	12	22	13
garR	7	9	13	20	13	16
gatC	3152	3067	3052	778	817	676
gatD	876	852	832	172	209	146
gatY	3094	3157	3047	976	1014	856
gatZ	5757	5500	5393	1847	1839	1282
gcd	720	705	712	156	140	124
gcl	7	5	8	28	21	32
gcvA	54	64	28	88	74	83
gcvH	196	161	232	247	248	199
gcvP	830	889	975	1201	1190	974
gcvR	124	90	84	231	231	226
gcvT	309	395	375	539	537	518
gdhA	3967	4034	3844	1101	1093	1317
gfcA	0	0	3	5	2	3
gfcB	5	0	3	4	8	3
gfcC	0	2	3	5	8	5
gfcD	13	16	20	23	33	36
gfcE	2	7	8	16	15	16
ggt	165	142	140	76	84	71
ghrA	181	188	153	141	133	124
ghrB	391	329	378	237	280	243
glcA	22	28	15	20	16	16
glcB	133	145	143	90	98	95
glcC	38	44	46	8	13	9
glcD	9	7	3	13	19	17
glcE	18	9	13	12	13	13
glcF	34	18	18	29	27	29
glcG	13	5	5	11	10	9
gldA	18	14	5	372	362	483
glgA	408	425	436	680	623	740
glgB	848	818	809	1309	1283	1260
glgC	488	478	523	911	805	803
glgP	769	834	658	1089	1147	1277
glgS	31	39	20	142	122	89
glgX	406	446	393	678	696	608
glk	136	145	140	199	212	113
glmM	505	480	549	428	415	438
glmS	1490	1528	1434	771	875	838
glmU	810	850	835	543	552	615
glnA	4427	4186	4670	491	431	482
glnB	97	94	123	112	80	113
glnD	224	283	268	277	298	313
glnE	300	296	306	336	378	289
glnG	248	264	281	85	76	79
glnH	395	379	396	129	126	116
glnK	29	41	23	3	4	3
glnL	244	211	263	51	46	47
glnP	126	147	140	88	84	77
glnQ	156	204	219	70	76	93
glnS	941	894	985	884	894	1043
gloA	196	177	100	118	122	108
gloB	95	78	31	78	68	61
glpA	0	2	3	12	11	15
glpB	5	0	3	12	7	11
glpC	11	2	5	16	15	14
glpD	27	23	28	32	35	32
glpE	50	28	46	9	15	14
glpF	7	14	0	21	21	20
glpG	97	85	100	90	80	74
glpK	32	37	36	63	74	63
glpQ	40	46	31	88	80	77
glpR	77	90	97	92	92	88
glpT	2	0	8	16	15	21
glpX	52	55	77	72	76	84
glrK	56	53	48	117	125	124
glrR	70	57	69	92	88	102
gltA	2568	2619	2830	428	449	348
gltB	11676	11569	12784	4753	4609	4431
gltD	3653	3538	3762	1379	1348	1436
gltI	408	427	452	122	123	130
gltJ	86	74	46	41	34	30
gltK	68	78	69	33	35	25
gltP	74	53	54	133	123	148
gltS	18	25	38	140	134	161
gltX	1094	999	929	1184	1206	1148
gluQ	32	37	33	37	29	45
glxK	23	18	5	28	21	13
glxR	2	2	10	1	5	7
glyA	2717	2683	3088	2991	3082	3348
glyQ	567	577	653	660	700	574
glyS	1306	1254	1445	1450	1354	1570
gmd	11	16	13	13	4	11
gmhB	108	119	123	263	272	166
gmk	165	193	163	307	286	313
gmm	0	0	0	3	2	3
gmr	66	113	82	108	87	73
gnd	2794	3072	2680	1498	1576	1719
gnsA	5	9	5	15	8	9
gntK	13	14	13	3	7	5
gntR	119	126	133	196	171	214
gntT	38	55	77	39	30	39
gntU	22	16	8	19	27	25
gntX	32	57	28	40	52	47
gor	264	280	225	358	304	333
gph	208	246	204	190	168	140
gpmA	1277	1199	1220	274	263	268
gpmM	928	857	1006	1902	1906	2015
gpp	293	260	265	364	347	479
gpr	40	46	36	39	54	46
gpsA	444	388	447	326	335	368
gpt	101	53	133	74	68	84
greA	88	103	102	64	86	88
greB	13	28	13	20	44	40
groL	2067	2040	2208	1365	1312	1553
groS	108	103	156	81	81	92
grpE	347	324	299	375	384	356
grxA	13	11	8	7	8	8
grxB	142	145	161	295	310	333
grxC	61	62	59	60	64	93
grxD	352	296	255	105	93	106
gshA	519	487	470	614	622	665
gshB	336	262	260	286	334	179
gsiA	327	317	278	442	461	443
gsiB	307	241	227	344	307	274
gsiC	86	55	41	105	107	81
gsiD	59	28	46	117	125	81
gsk	176	131	161	70	65	72
gspC	7	0	8	4	4	7
gspD	25	30	26	31	36	37
gspE	18	9	3	8	16	14
gspF	7	14	15	27	21	24
gspG	4	0	3	3	4	3
gspH	2	0	3	7	5	6
gspI	0	0	0	5	2	6
gspJ	4	0	0	16	6	9
gspK	7	11	5	23	24	25
gspL	11	16	15	31	42	44
gss	426	358	278	1782	1767	1469
gstA	135	142	117	205	211	200
gstB	153	170	143	106	84	66
guaA	1887	2111	2049	814	771	718
guaB	1402	1424	1452	793	764	603
guaC	384	400	444	76	86	105
guaD	16	28	23	40	33	40
gudD	14	16	26	43	44	31
gudP	7	2	0	21	33	17
gudX	13	5	5	11	25	15
gutM	0	2	3	5	1	7
gutQ	25	41	48	41	38	47
gyrA	1650	1753	1661	1460	1426	1306
gyrB	851	907	863	1041	1041	909
hcaB	14	5	18	24	22	31
hcaC	4	0	5	13	13	12
hcaD	20	14	13	25	25	38
hcaE	22	23	33	116	103	81
hcaF	5	0	0	20	18	24
hcaR	65	41	43	13	12	14
hcaT	34	28	26	21	21	28
hchA	145	129	133	97	100	81
hcp	4	5	0	39	48	36
hcr	2	2	5	39	36	33
hda	136	172	128	77	73	61
hdeA	345	354	265	5623	5949	5463
hdeB	162	165	225	3625	3862	2374
hdeD	106	85	92	3371	3500	2968
hdfR	65	69	41	85	86	77
hdhA	153	96	123	165	154	143
helD	196	175	151	265	274	273
hemA	119	136	120	215	200	247
hemB	260	214	230	201	196	247
hemC	208	154	184	387	409	555
hemD	97	74	102	158	172	149
hemE	144	152	153	157	186	188
hemF	38	34	31	57	59	66
hemG	56	53	59	77	70	65
hemH	45	57	56	44	46	56
hemL	336	292	327	233	236	280
hemN	190	207	189	327	324	320
hemX	307	301	219	233	202	186
hemY	201	221	265	180	189	216
hflC	585	572	722	496	525	607
hflD	178	181	163	146	144	129
hflK	803	756	781	766	776	887
hflX	541	579	498	731	701	702
hfq	289	335	324	483	505	420
hha	40	34	38	9	13	11
hicB	9	9	23	20	17	18
higA	7	5	8	13	10	11
hinT	120	126	151	221	242	252
hipA	48	48	36	92	68	59
hipB	2	0	5	8	7	5
hisA	280	310	242	213	203	151
hisB	555	485	539	475	441	384
hisC	453	391	442	451	421	384
hisD	553	567	582	500	414	391
hisF	198	289	240	110	116	118
hisG	546	535	582	302	275	197
hisH	198	191	258	150	131	125
hisI	303	285	265	168	171	168
hisJ	700	671	595	33	19	24
hisM	83	101	100	21	16	11
hisP	126	133	92	17	18	13
hisQ	163	145	143	9	13	12
hisS	718	664	812	701	695	661
hiuH	16	23	3	7	1	3
hmp	34	30	51	39	31	30
hns	508	526	574	2611	2726	2335
hofB	20	21	18	41	48	53
hofM	5	5	8	25	27	23
hofN	2	5	0	9	7	6
hofO	2	5	5	7	7	4
hofP	0	2	0	4	6	5
hofQ	4	9	13	17	22	19
hokA	0	0	0	0	0	0
holA	165	191	153	141	116	130
holB	88	39	100	104	123	129
holC	50	44	48	44	39	35
holD	59	53	66	31	28	38
holE	27	9	15	16	19	14
hpf	217	198	166	222	223	157
hpt	207	227	214	180	180	209
hrpA	386	356	342	370	385	334
hrpB	101	87	123	134	107	140
hscA	366	453	406	354	412	373
hscB	66	53	51	90	100	94
hscC	4	11	8	12	17	19
hslJ	41	32	51	201	192	148
hslO	119	115	94	105	80	87
hslR	31	30	28	33	42	39
hslU	320	308	368	777	788	903
hslV	27	57	77	201	180	216
hspQ	57	57	54	154	153	161
hsrA	20	16	18	88	80	96
htpG	350	368	337	503	454	517
htpX	224	232	263	226	194	280
htrE	11	7	5	19	15	20
hupA	736	726	651	492	491	402
hupB	713	671	607	436	424	439
hyaA	5	2	3	7614	7416	3774
hyaC	11	0	5	2613	2507	1569
hyaD	9	0	0	3101	3061	2685
hyaE	2	0	5	1782	1786	1595
hyaF	7	5	0	3129	3182	2398
hybA	13	14	10	984	916	866
hybB	9	7	10	281	284	344
hybC	61	64	51	448	430	272
hybD	16	23	18	142	132	113
hybE	20	18	23	66	73	92
hybF	4	0	3	15	28	20
hybG	7	7	3	20	27	29
hybO	14	9	8	573	560	642
hycA	2	0	0	156	172	143
hycB	2	0	5	214	224	166
hycC	4	2	0	332	346	336
hycD	0	0	5	144	173	154
hycE	7	2	3	463	478	522
hycF	2	2	10	138	126	114
hycG	5	7	5	152	165	164
hycH	5	2	0	98	86	112
hycI	18	21	18	154	156	160
hydN	2	2	0	100	81	119
hyfA	0	0	3	8	7	5
hyfB	7	2	5	29	24	24
hyfD	5	2	3	17	10	13
hyfE	2	0	3	5	10	7
hyfF	13	2	0	19	30	32
hyfG	11	5	10	40	33	43
hyfH	2	0	13	4	8	11
hyfJ	2	0	3	7	6	7
hyfR	5	9	18	56	25	34
hyi	2	2	3	7	2	4
hypA	2	5	5	74	62	51
hypB	18	16	20	298	312	338
hypC	4	7	3	27	40	43
hypD	43	37	71	327	298	372
hypE	20	21	28	238	229	272
hypF	18	16	15	146	198	156
hyuA	9	5	5	17	22	22
iaaA	289	266	291	394	376	330
iadA	122	87	148	307	347	355
iap	61	62	56	104	91	89
ibpA	14	16	5	84	96	89
ibpB	5	0	3	25	44	36
icd	7971	7799	7549	701	752	502
iclR	183	159	151	380	372	402
idi	27	23	10	20	31	38
ihfA	321	388	380	721	727	910
ihfB	440	370	350	729	743	582
ileS	1896	1939	2116	2768	2687	3128
ilvA	302	342	352	3789	3745	3758
ilvB	909	917	1023	48	44	53
ilvC	5420	5222	5599	596	668	670
ilvD	657	606	702	7843	7766	6096
ilvE	384	384	393	3712	3636	3964
ilvH	282	264	230	199	183	125
ilvI	898	793	745	521	510	434
ilvM	4	9	10	120	100	132
ilvN	83	85	92	7	0	3
ilvY	40	25	31	48	48	44
inaA	40	30	23	47	50	37
infA	409	409	444	410	368	453
infB	3484	3497	3354	2734	2798	2212
infC	3082	3223	2828	2447	2480	3255
insQ	54	53	69	148	130	165
intR	16	18	15	20	35	18
iraD	4	2	0	84	105	97
iraP	31	25	23	23	23	23
iscA	198	200	123	202	161	190
iscR	66	80	87	56	62	81
iscS	593	574	635	682	709	795
iscU	162	161	143	206	232	207
iscX	18	34	31	66	47	31
ispA	223	191	217	166	157	167
ispB	352	363	327	348	315	332
ispD	93	80	92	65	47	59
ispE	108	117	156	188	196	164
ispF	84	83	74	41	52	45
ispG	447	425	459	712	741	797
ispH	233	253	240	188	200	209
ispU	399	363	342	283	266	197
ivy	219	156	156	642	540	489
katE	501	455	452	367	352	288
katG	821	822	924	935	885	761
kbaY	2	0	0	1	6	6
kbaZ	4	0	8	12	18	14
kbl	47	57	54	142	111	108
kch	54	46	36	211	185	172
kdgK	90	78	71	110	90	101
kdgR	181	202	135	257	276	166
kdgT	18	18	5	25	19	19
kdpA	4	0	3	17	19	22
kdpB	0	16	5	28	33	47
kdpC	9	2	8	27	19	19
kdpD	70	87	66	149	149	160
kdpE	5	11	20	20	13	22
kdsA	374	379	390	471	437	479
kdsB	190	204	207	398	389	424
kdsC	106	113	102	182	190	218
kdsD	232	188	186	238	282	242
kduI	5	9	5	16	33	17
kefA	198	175	225	340	306	392
kefB	61	83	64	73	90	57
kefC	54	76	59	76	84	82
kefF	9	16	13	13	19	19
kefG	20	18	33	21	31	22
kgtP	2379	2343	2139	431	442	453
kptA	4	11	20	47	45	34
kup	115	122	100	152	139	107
lacA	2	2	0	5	8	4
lacI	63	51	77	63	56	61
lacY	4	2	3	8	10	8
lacZ	16	0	13	31	29	33
lamB	287	301	235	17	27	29
ldcA	70	64	48	146	171	147
ldcC	138	126	102	388	408	316
ldhA	59	83	74	555	539	308
lepA	682	742	758	805	763	843
lepB	305	312	329	342	364	357
leuA	1140	1059	1207	630	617	595
leuB	1013	935	1105	613	617	564
leuC	1451	1309	1256	891	836	770
leuD	810	806	684	461	499	401
leuE	7	5	3	37	41	43
leuO	5	0	5	32	22	25
leuS	1564	1686	1682	1893	1842	1613
lgt	149	101	115	176	130	167
lhgO	41	25	41	77	71	49
lhr	119	106	74	263	283	259
ligA	262	186	242	335	321	317
ligB	7	9	8	21	42	35
ligT	14	18	8	27	16	24
lipA	260	202	265	496	441	464
lipB	113	87	84	118	126	87
livF	548	466	457	173	195	127
livG	420	425	523	173	182	140
livH	433	418	508	161	157	162
livJ	4211	4170	3767	116	134	43
livK	961	1080	1046	415	399	343
livM	725	740	666	270	240	246
lldD	70	80	64	25	27	24
lldP	38	46	41	19	21	24
lldR	25	41	28	9	8	12
lnt	158	142	179	170	195	226
lolA	167	156	133	184	189	99
lolB	127	113	135	235	221	229
lolC	156	103	123	161	144	174
lolD	113	117	102	93	108	119
lolE	176	159	199	213	230	201
lon	864	834	944	1498	1454	1425
lpcA	189	175	237	206	218	245
lpd	4998	5031	5224	1664	1646	1565
lplA	50	55	46	64	46	49
lplT	56	39	41	70	85	93
lpoA	336	296	316	378	356	427
lpoB	163	161	189	332	338	387
lpp	7088	7744	7279	8090	8172	14092
lptA	259	232	219	293	293	261
lptB	178	147	207	140	180	194
lptC	142	126	120	254	212	191
lptD	1174	1057	1087	1134	1135	1206
lptE	259	266	265	350	358	333
lptF	153	216	145	230	220	191
lptG	171	149	143	379	323	417
lpxA	478	519	546	488	485	562
lpxB	248	221	265	181	191	230
lpxC	1243	1335	1279	1342	1404	2025
lpxD	946	898	1034	1220	1232	1496
lpxH	75	76	97	56	47	57
lpxK	75	87	97	102	65	114
lpxL	41	57	43	88	97	105
lpxM	93	113	125	129	128	131
lpxP	25	48	18	431	405	493
lpxT	14	25	20	0	4	8
lrhA	75	94	82	181	221	226
lrp	648	650	513	241	234	223
lspA	131	138	105	114	139	182
lsrB	9	11	8	13	12	9
lsrD	2	0	0	8	8	10
lsrF	20	5	5	13	8	8
lsrG	5	0	0	5	8	7
ltaE	142	129	161	169	162	171
luxS	374	436	485	504	465	576
lysA	257	310	250	273	235	196
lysC	1246	1399	1256	487	495	591
lysP	1191	1224	1164	146	125	155
lysR	14	16	5	27	31	29
lysS	1187	1197	1432	1244	1305	1334
lysU	93	110	69	375	366	360
lyxK	2	0	3	23	18	23
maa	43	41	26	12	11	11
macA	93	92	71	182	167	151
macB	97	103	87	181	176	119
maeA	519	517	574	295	322	348
maeB	634	657	615	326	267	226
mak	63	67	61	85	75	45
malE	338	308	324	15	16	14
malF	88	71	59	15	15	21
malG	29	18	36	8	6	11
malI	18	16	20	31	39	26
malM	115	131	123	19	19	32
malP	566	499	487	331	322	253
malQ	363	324	245	259	232	183
malS	20	25	36	32	38	38
malT	912	882	993	254	257	275
malX	23	21	18	64	80	64
malY	47	30	41	117	111	133
malZ	68	92	56	109	111	94
manA	163	172	166	368	398	351
manY	708	760	873	336	335	445
manZ	889	995	771	398	435	470
map	478	473	434	420	445	455
marA	11	25	20	4	8	8
marB	4	0	3	4	1	3
marC	40	44	28	66	57	59
marR	14	9	15	7	6	9
matP	22	32	38	72	53	45
mazE	11	16	10	25	24	16
mazF	29	25	26	24	29	21
mazG	113	99	97	118	126	75
mcbA	5	5	8	37	18	20
mcbR	16	16	5	9	10	7
mdaB	41	57	59	68	64	76
mdfA	32	34	36	29	42	38
mdh	2071	2127	2271	116	93	111
mdlA	31	23	41	43	45	64
mdlB	25	39	33	35	48	66
mdtA	27	41	23	43	40	34
mdtB	47	55	61	56	77	73
mdtC	32	39	31	61	48	57
mdtD	13	9	8	35	24	21
mdtE	23	5	28	547	557	636
mdtF	57	53	41	1297	1316	1419
mdtG	16	7	8	61	57	59
mdtH	9	16	13	286	298	337
mdtI	5	5	8	4	5	5
mdtJ	7	9	8	1	0	1
mdtK	84	71	84	141	133	128
mdtL	4	11	10	7	7	14
mdtM	14	5	18	108	105	131
mdtN	0	0	0	15	13	16
mdtO	9	7	8	25	27	32
mdtP	2	0	0	12	21	15
melA	14	11	15	32	25	29
melB	16	11	8	55	41	45
melR	22	21	28	17	30	27
menA	59	101	79	36	54	51
menB	149	136	171	188	176	175
menC	79	113	135	114	104	128
menD	79	76	82	193	166	156
menE	102	60	77	72	63	82
menF	119	115	61	317	336	277
menH	14	18	18	45	57	16
mepA	165	145	191	73	76	103
metA	86	78	87	181	184	199
metB	86	99	94	78	76	52
metC	215	204	204	444	386	315
metE	2986	2915	3190	4294	4423	3575
metF	47	34	59	237	225	247
metG	1024	1025	937	516	495	559
metH	1419	1376	1434	1779	1793	1576
metI	68	64	74	237	230	286
metJ	101	80	120	154	149	156
metK	558	611	641	2151	2303	2595
metL	233	223	283	206	167	232
metN	126	129	138	313	349	413
metQ	961	958	855	938	945	948
mfd	436	464	510	637	646	642
mglA	84	106	59	3	7	5
mglC	36	30	28	8	19	9
mgrB	5	0	8	8	5	6
mgsA	88	92	61	223	238	191
mgtA	133	129	115	59	62	56
mhpA	4	2	8	12	12	15
mhpB	2	2	5	5	4	5
mhpC	2	11	5	8	13	9
mhpD	5	9	0	12	7	7
mhpE	7	7	10	12	11	13
mhpF	7	11	8	9	7	9
mhpR	56	80	59	19	12	10
mhpT	5	11	3	19	27	16
miaA	411	496	406	785	807	824
miaB	336	356	332	226	182	244
minC	287	218	235	255	266	246
minD	375	414	390	340	335	355
minE	72	80	66	52	64	51
mioC	336	301	250	186	173	128
mipA	530	494	447	104	108	106
mlaA	154	170	171	85	71	87
mlaB	50	46	33	66	54	54
mlaC	160	154	163	209	146	183
mlaD	95	129	79	69	84	71
mlaE	108	108	110	148	121	145
mlaF	135	131	115	211	219	176
mliC	13	2	0	8	6	14
mlrA	20	21	10	61	64	57
mltA	129	165	133	47	70	65
mltB	54	48	74	69	51	47
mltC	101	78	79	56	56	44
mltD	891	841	773	273	244	289
mngA	4	0	0	20	18	18
mngB	36	28	31	72	57	74
mngR	23	28	18	37	29	20
mnmA	386	338	362	378	381	385
mnmC	79	69	82	118	123	117
mnmE	138	170	168	185	179	172
mnmG	411	388	398	213	215	190
mntH	32	53	23	56	73	51
mntR	83	69	51	84	107	78
moaA	119	117	133	28	29	35
moaB	126	96	84	17	18	20
moaC	92	64	64	17	18	15
moaD	7	16	23	4	1	2
moaE	86	53	74	20	16	15
mobA	22	28	10	39	34	35
mobB	16	25	18	21	28	12
mocA	5	2	5	7	18	10
moeA	124	117	156	150	145	149
moeB	38	55	61	64	61	78
mog	36	44	64	59	62	61
motA	325	289	276	23	24	29
motB	246	204	260	40	39	33
mpaA	59	71	41	207	214	265
mpl	393	411	263	495	491	495
mppA	113	90	97	59	65	43
mprA	178	225	176	178	223	192
mqo	729	666	564	24	34	25
mraY	145	156	135	134	169	164
mraZ	160	152	148	176	150	137
mrcA	250	257	250	93	114	91
mrcB	244	253	286	265	275	344
mrdA	203	200	207	106	100	107
mrdB	119	131	102	86	88	82
mreB	763	744	806	741	680	765
mreC	201	246	263	166	151	191
mreD	86	87	97	59	57	67
mrp	530	639	536	720	689	445
msbA	343	363	339	321	340	365
mscL	196	191	148	106	137	63
mscM	77	78	59	61	76	80
mscS	348	365	383	864	802	964
msrA	77	80	97	154	134	141
msrB	154	161	135	15	13	9
msrC	277	230	237	177	169	196
msyB	224	181	128	206	229	88
mtfA	59	69	69	52	52	66
mtgA	50	39	36	92	103	89
mtlA	268	232	207	184	184	159
mtlD	169	181	153	222	208	223
mtlR	63	37	51	74	82	87
mtn	295	262	230	303	267	368
mtr	52	41	38	57	79	76
mug	72	80	79	85	110	75
mukB	867	829	893	617	570	629
mukE	133	117	143	104	90	76
mukF	210	184	240	148	178	110
murA	587	636	618	414	381	373
murB	217	193	174	188	192	146
murC	341	303	339	459	408	467
murD	269	292	293	348	328	362
murE	332	351	355	422	381	339
murF	287	296	286	279	299	280
murG	149	202	174	263	258	228
murI	113	94	87	130	121	157
murJ	81	64	74	63	56	63
murP	14	14	26	44	41	48
murQ	25	28	28	13	21	20
murR	7	11	5	12	12	12
mutH	23	30	10	45	71	66
mutL	162	108	153	210	232	246
mutM	34	23	41	20	29	19
mutS	169	179	163	116	115	137
mutT	23	18	8	17	15	10
mutY	97	71	77	82	61	70
mzrA	11	18	15	72	82	61
nac	92	96	59	9	8	14
nadA	418	489	411	713	732	610
nadB	269	209	230	801	756	765
nadC	110	87	110	188	176	175
nadD	83	87	59	101	100	83
nadE	370	370	316	428	403	273
nadK	56	76	87	180	213	203
nadR	131	124	128	169	156	130
nagA	86	90	117	130	142	145
nagB	81	62	102	93	99	76
nagC	167	140	207	289	290	257
nagD	133	147	133	144	154	200
nagE	189	211	217	73	91	89
nagZ	212	181	174	311	309	208
nanA	18	21	15	13	13	11
nanE	2	7	15	7	7	12
nanK	13	11	15	19	22	26
nanR	115	101	84	158	125	151
nanT	5	9	5	17	18	21
napA	31	34	31	32	45	39
napB	5	0	0	7	2	4
napC	13	5	10	20	24	29
napD	0	0	3	0	2	1
napF	5	14	0	8	7	8
napG	4	2	8	5	5	6
napH	2	7	3	12	2	7
narG	29	46	31	6319	6310	4908
narH	16	18	18	3180	3151	2876
narI	4	5	3	879	897	1211
narJ	2	7	5	1658	1618	1937
narK	4	5	5	465	502	363
narL	61	60	59	141	132	159
narP	34	34	54	51	36	28
narQ	25	16	33	97	79	101
narU	13	5	13	19	31	31
narV	5	5	10	24	18	16
narW	9	5	3	21	18	15
narX	63	64	77	128	114	149
narY	22	23	13	44	47	46
narZ	43	30	48	158	133	128
ndh	205	221	191	51	48	37
ndk	386	299	482	21	15	16
nei	29	55	33	105	125	132
nemA	84	85	46	101	92	85
nemR	11	11	15	16	16	14
nepI	27	37	18	33	41	37
nfi	65	62	59	117	90	126
nfo	59	44	71	110	105	115
nfsA	81	71	87	74	71	55
nfsB	158	184	171	149	143	218
nfuA	147	122	138	226	241	222
nhaA	99	85	79	467	455	491
nhaB	172	140	199	112	111	171
nhaR	48	51	31	230	197	217
nhoA	16	21	28	102	109	55
nikA	27	28	41	277	311	330
nikB	5	0	3	59	61	103
nikC	7	2	5	55	54	62
nikD	4	5	0	102	107	125
nikE	4	2	0	45	68	62
nikR	11	2	33	25	23	32
nirB	36	32	28	194	205	177
nirC	5	7	8	9	6	10
nirD	0	0	0	8	10	11
nlpA	250	195	230	184	195	163
nlpC	56	106	66	105	85	101
nlpD	2333	2054	1641	2202	2151	347
nlpE	40	30	36	66	86	81
nlpI	1273	1206	812	2015	2129	1820
norR	22	37	54	35	25	34
norV	18	9	8	32	29	33
norW	13	5	0	19	11	16
npr	31	37	26	125	102	133
nrdA	731	767	707	109	80	100
nrdB	314	354	309	106	94	97
nrdD	97	101	107	311	307	307
nrdE	244	198	235	28	33	25
nrdF	79	62	54	15	4	10
nrdG	5	5	0	21	27	25
nrdH	27	16	15	0	1	1
nrdI	50	48	46	1	1	3
nrdR	84	55	74	98	84	75
nrfA	13	11	23	118	131	132
nrfB	2	0	3	55	52	49
nrfC	2	5	0	65	53	63
nrfD	2	5	3	77	75	78
nrfE	7	7	8	25	29	24
nrfF	2	0	0	7	6	6
nrfG	2	7	3	11	10	12
nsrR	38	46	46	68	73	30
nth	29	62	41	57	68	66
nudB	90	103	130	188	201	184
nudC	92	83	77	117	110	106
nudE	126	103	112	41	40	51
nudF	95	74	69	157	140	105
nudG	36	21	26	8	16	19
nudI	2	5	0	17	17	17
nudJ	31	18	26	23	28	27
nudK	50	53	48	108	111	76
nudL	20	21	36	74	67	71
nuoA	158	110	148	202	194	255
nuoB	485	414	454	455	439	564
nuoC	1372	1305	1427	1169	1213	1027
nuoE	395	404	370	427	433	368
nuoF	761	827	748	521	460	449
nuoG	1789	1884	1963	979	951	1074
nuoH	573	531	544	275	270	235
nuoI	257	287	293	110	132	84
nuoJ	316	333	324	152	160	95
nuoK	66	87	69	35	25	16
nuoM	627	708	669	229	188	269
nuoN	580	521	587	218	206	306
nupC	357	338	309	59	50	61
nupG	41	37	28	51	80	65
nusA	1147	1098	1317	1027	1051	990
nusB	167	202	197	217	197	238
nusG	438	448	464	245	282	367
obgE	329	324	296	379	408	252
ogrK	5	5	5	1	5	2
ogt	18	9	13	29	28	31
ompA	17038	16925	18381	10263	10062	11287
ompC	5675	5725	5097	16676	16826	19995
ompF	21732	20368	16734	676	656	586
ompG	0	2	0	7	5	5
ompN	2	2	0	5	8	6
ompR	133	129	163	170	127	200
ompW	75	87	54	8	4	6
ompX	1302	1537	1327	2071	2010	2848
opgB	117	138	94	57	71	78
opgC	65	23	43	13	16	17
opgD	221	202	148	116	126	132
opgG	654	703	602	650	692	579
opgH	623	641	518	525	529	640
oppA	2103	1967	2144	16205	16541	13979
oppB	208	195	179	1834	1865	1438
oppC	224	170	214	1730	1621	1648
oppD	235	255	273	2507	2372	2314
oppF	320	303	265	2612	2537	2445
orn	52	64	48	56	48	55
osmB	29	16	8	52	56	69
osmC	273	172	199	325	343	322
osmE	241	248	255	452	418	351
osmF	61	62	61	41	54	63
osmY	388	365	429	82	76	80
otsA	262	204	186	428	420	393
otsB	97	92	77	270	251	226
oxc	14	5	3	8	6	11
oxyR	237	255	253	270	309	295
pabA	38	39	13	29	36	15
pabB	68	85	77	73	65	59
pabC	56	60	41	63	52	43
pagP	2	2	5	97	93	92
pal	1679	1684	1868	819	788	877
panB	284	292	265	360	307	401
panC	435	395	360	483	522	540
panD	230	227	316	246	226	268
panE	81	78	92	168	139	150
panF	50	48	56	65	50	56
parC	424	414	408	209	219	210
parE	284	271	332	344	338	399
patA	469	476	431	164	138	155
pbpC	18	34	20	72	86	94
pbpG	97	92	112	105	111	101
pck	210	198	235	120	131	150
pcm	106	94	97	97	133	104
pcnB	573	620	646	395	366	418
pdhR	180	225	204	411	376	438
pdxA	136	198	222	189	172	182
pdxB	284	322	283	310	355	323
pdxH	131	122	125	335	340	334
pdxJ	126	145	179	350	353	375
pdxK	127	149	105	124	127	142
pdxY	111	87	128	172	167	145
pepA	476	487	567	307	270	353
pepB	311	306	342	239	220	222
pepD	602	538	554	1338	1227	1345
pepE	22	16	10	108	100	127
pepN	794	728	732	1185	1197	756
pepP	458	427	572	694	721	735
pepQ	496	473	459	496	510	432
pepT	131	140	115	340	357	342
pfkA	711	694	653	1238	1404	1616
pfkB	54	60	66	325	338	427
pflA	79	90	84	172	197	180
pflB	3672	3540	3254	21580	21624	24288
pflC	9	7	0	16	10	13
pflD	9	23	28	31	25	39
pgaA	13	5	3	47	36	41
pgaB	5	7	0	19	18	19
pgaC	5	2	0	12	10	11
pgaD	2	2	0	5	5	4
pgi	1313	1202	1146	2371	2496	2233
pgk	2130	2118	1970	2410	2486	1720
pgm	569	572	676	928	934	1052
pgpA	54	83	87	170	200	217
pgpB	61	37	41	76	57	56
pgpC	20	23	20	81	115	120
pgsA	57	30	79	136	132	195
pheA	449	347	350	242	251	211
pheP	79	96	82	23	35	39
pheS	690	669	745	387	335	313
pheT	1961	1900	1924	1400	1347	1328
phnC	0	0	0	4	0	5
phnD	11	2	3	13	8	8
phnF	0	0	0	1	2	5
phnG	0	0	0	5	0	2
phnH	0	2	3	0	0	3
phnI	2	0	0	7	7	9
phnJ	2	0	0	5	6	7
phnK	0	0	0	3	4	8
phnL	4	11	8	17	13	17
phnM	0	7	0	12	8	13
phnN	2	0	0	5	4	5
phnO	11	14	8	15	18	26
phnP	9	18	5	43	48	42
phoA	40	32	31	27	27	20
phoB	31	30	13	37	28	24
phoE	2	7	3	3	4	5
phoH	176	181	168	9	1	8
phoP	93	136	92	330	375	321
phoQ	162	152	148	346	351	343
phoR	38	25	31	33	44	45
phoU	95	122	77	93	111	131
php	5	0	5	7	8	12
phr	63	69	43	134	145	124
pinE	2	0	0	8	4	5
pitA	625	574	539	231	207	228
pitB	2	7	0	7	15	16
plaP	747	827	743	31	23	30
pldA	102	67	59	57	54	61
pldB	83	74	89	144	160	158
pliG	14	28	18	8	8	8
plsC	77	71	71	89	88	83
plsX	366	391	411	331	284	309
plsY	40	32	43	53	85	58
pmbA	255	232	222	404	373	253
pmrD	5	9	8	7	12	7
pncA	101	110	102	57	62	58
pncB	708	652	628	721	777	802
pnp	3358	3283	3154	3027	2848	3183
pntA	3322	3120	2978	1132	1158	839
pntB	2527	2401	2379	850	937	675
pnuC	203	264	191	398	387	437
polA	479	409	424	504	458	408
polB	48	64	69	140	130	111
potA	365	351	288	313	272	299
potB	171	177	161	96	139	106
potC	126	126	123	124	87	86
potD	702	705	778	258	321	222
potE	4	7	8	20	27	28
potF	244	234	207	20	25	25
potG	95	87	115	20	15	17
potH	40	48	26	9	13	8
potI	25	32	38	21	10	18
poxB	293	246	214	704	660	582
ppa	1219	1188	1115	650	606	713
ppc	3581	3237	3553	6257	6319	6171
ppdA	5	0	0	1	2	4
ppdB	9	0	0	9	15	12
ppdC	7	7	0	15	16	6
ppdD	0	2	0	5	4	4
pphA	7	7	15	51	65	66
ppiA	81	83	120	78	76	82
ppiB	681	627	605	610	546	512
ppiC	48	25	43	25	42	41
ppiD	740	733	709	995	968	921
ppk	201	216	217	512	488	410
ppsA	1201	1224	1238	628	667	671
ppsR	77	113	77	122	108	114
pptA	7	2	5	5	15	11
ppx	208	188	191	281	269	278
pqiA	34	46	46	70	69	82
pqiB	120	124	87	154	130	140
pqqL	104	94	74	25	29	34
prc	1007	1144	1000	915	927	1030
preA	11	5	5	27	27	17
preB	0	14	10	29	27	27
prfA	142	149	145	173	183	176
prfB	955	981	888	914	846	834
prfC	627	600	546	246	236	258
priA	106	90	112	148	104	144
priC	7	30	36	70	59	71
prkB	84	46	82	130	150	145
prlC	361	349	357	475	491	480
prlF	45	32	36	51	45	41
prmA	110	96	92	78	98	117
prmB	334	283	286	128	131	152
prmC	41	37	48	72	73	88
proA	343	345	337	531	523	621
proB	284	312	334	561	557	556
proC	129	126	140	57	59	64
proP	411	400	368	1810	1768	1465
proQ	765	799	980	461	426	459
proS	1370	1417	1391	751	721	898
proV	92	101	100	12	8	13
proW	52	57	31	11	8	16
proX	138	83	77	19	21	22
proY	72	74	89	249	249	243
prpD	7	5	5	16	21	14
prr	61	83	64	28	30	32
prs	1077	1153	1120	569	574	814
psd	266	218	276	589	667	615
psiE	9	16	8	92	58	70
psiF	31	28	26	40	35	26
pspA	52	44	43	68	71	68
pspB	4	2	10	7	6	6
pspC	11	7	10	15	27	15
pspD	5	7	5	4	10	2
pspE	23	39	36	44	46	38
pspF	9	18	18	53	36	49
pspG	2	2	3	3	2	7
pssA	413	333	324	458	439	450
pstA	59	48	59	76	58	60
pstB	131	80	105	124	139	147
pstC	61	53	54	65	67	58
pstS	110	119	123	100	80	94
psuG	2	0	0	3	5	7
psuK	0	0	0	1	5	5
psuT	7	5	3	13	21	22
pta	677	687	669	2511	2427	2824
pth	75	55	59	21	21	28
ptrA	169	184	204	194	207	184
ptrB	117	113	92	176	176	131
ptsA	5	9	10	15	25	20
ptsG	3225	3196	3831	837	878	953
ptsH	555	650	699	282	278	415
ptsI	3861	3956	3869	3526	3584	3926
ptsN	122	115	151	188	182	180
ptsP	548	544	510	678	674	598
purA	1566	1675	1587	4991	4993	6034
purB	972	974	972	161	153	195
purC	632	682	850	863	920	1047
purD	772	809	809	110	104	98
purE	233	262	242	202	205	241
purF	1140	1220	1284	185	172	191
purH	1000	1009	1151	165	168	163
purK	778	799	656	424	355	363
purL	2286	2293	2511	743	696	746
purM	831	850	1018	207	156	294
purN	379	358	316	116	120	127
purP	734	662	653	310	327	314
purR	368	363	370	313	344	375
purT	399	418	421	57	56	49
purU	465	404	475	226	246	192
putA	183	119	158	56	40	51
putP	241	239	219	81	62	62
puuA	162	170	217	8	12	17
puuB	29	64	59	7	10	11
puuC	102	85	54	11	8	20
puuD	90	96	56	15	23	18
puuE	38	34	54	13	12	16
puuP	56	30	38	12	16	21
puuR	72	69	46	9	19	14
pykA	505	563	569	2823	2652	3081
pykF	1147	1068	1120	1664	1806	1778
pyrB	3956	3811	4196	662	730	705
pyrC	855	839	970	266	243	279
pyrD	321	365	345	182	162	169
pyrE	11	21	15	9	7	9
pyrF	278	262	314	44	45	58
pyrG	1147	1179	1120	1197	1093	1430
pyrH	420	443	416	178	211	167
pyrI	1833	1845	2146	342	402	395
qmcA	52	60	48	164	157	186
qorA	127	131	140	287	286	267
qorB	18	11	26	24	31	32
qseB	7	9	3	31	38	35
qseC	9	9	0	52	35	43
qseD	29	25	41	122	143	114
queA	142	115	123	65	84	84
queC	90	87	77	168	149	93
queD	23	25	26	3	4	9
queE	61	57	51	61	82	32
queF	81	87	102	96	94	89
queG	106	74	100	177	172	186
radA	190	179	214	108	79	100
raiA	113	117	79	122	149	111
rapA	246	283	350	201	209	238
rarA	120	92	92	242	244	228
rarD	41	44	18	11	13	18
ratA	97	90	84	73	67	68
ratB	43	46	31	13	35	24
ravA	74	87	74	283	281	310
rbbA	167	108	158	102	108	106
rbfA	122	149	135	101	105	122
rbn	43	37	36	53	41	41
rbsA	131	145	115	44	27	31
rcsF	40	74	74	122	130	140
rdgB	92	69	115	57	54	65
rdgC	165	172	163	70	74	49
rdoA	119	115	105	109	116	106
recA	673	554	623	492	516	540
recB	268	283	258	274	259	300
recC	190	221	202	291	294	261
recD	133	103	97	108	115	117
recF	88	87	102	59	61	59
recG	185	186	176	120	138	137
recJ	246	234	237	253	247	308
recN	57	64	61	52	74	81
recO	75	48	56	68	68	93
recQ	140	152	125	116	90	105
recR	241	200	227	189	174	234
recX	4	5	3	11	11	11
relA	481	473	452	572	568	475
rem	4	2	3	3	4	4
rep	185	147	153	92	120	113
rfaC	171	168	135	140	134	106
rfaD	354	372	398	516	465	480
rfaE	277	340	370	184	160	145
rfaF	253	310	232	319	294	284
rfaG	126	67	87	142	159	116
rfaH	48	37	36	44	39	34
rfaI	56	57	87	63	81	48
rfaP	79	53	41	84	88	62
rfaQ	95	80	105	148	137	118
rfaY	38	30	33	19	19	24
rfe	295	248	227	290	243	294
rffA	142	113	125	188	206	189
rffC	54	69	56	48	45	46
rffD	205	221	230	169	188	171
rffE	181	170	179	128	151	124
rffG	145	145	171	134	123	130
rffH	131	106	87	88	98	76
rffM	57	48	51	33	33	34
rffT	63	64	61	85	75	77
rhaA	2	0	8	19	15	18
rhaB	2	0	5	5	7	9
rhaD	0	2	8	7	6	11
rhaM	0	0	0	0	1	1
rhaR	5	5	3	11	11	15
rhaS	2	5	3	12	6	8
rhaT	4	11	3	19	16	19
rhlB	666	627	674	931	971	1030
rhlE	119	119	125	177	223	192
rhmA	9	11	13	19	31	18
rho	1122	1206	1128	1604	1542	2067
rhsA	13	0	15	28	19	31
rhsD	27	37	31	80	85	75
rhtA	14	18	5	23	24	28
rhtB	57	55	51	128	123	130
rhtC	61	74	54	326	330	356
ribA	129	117	123	170	143	152
ribB	176	172	140	476	516	450
ribC	115	119	115	136	155	168
ribD	167	200	191	253	260	329
ribE	160	149	191	203	197	198
ribF	309	278	222	418	444	506
rihA	43	62	54	28	36	32
rihB	0	0	0	4	6	4
rihC	29	28	23	13	19	16
rimI	48	78	36	48	46	35
rimJ	101	85	120	126	139	114
rimK	75	55	48	41	51	56
rimL	38	34	33	65	58	57
rimM	3642	3754	2892	1823	1750	1482
rimN	153	138	112	170	197	136
rimO	250	271	263	74	74	78
rimP	219	225	158	161	189	193
rlmA	86	71	97	43	47	63
rlmB	79	92	130	80	54	83
rlmC	119	110	128	76	69	69
rlmD	61	64	71	33	44	22
rlmE	244	255	248	525	540	514
rlmF	68	94	79	90	68	53
rlmG	66	28	66	24	28	34
rlmH	48	71	97	55	31	60
rlmI	176	234	171	59	84	75
rlmL	329	248	347	140	149	139
rlmM	119	117	100	117	123	129
rlmN	223	244	212	136	98	156
rlpA	307	299	357	338	323	329
rluA	43	46	54	37	51	54
rluB	271	257	324	168	186	179
rluC	176	129	158	49	40	43
rluD	203	244	217	182	191	195
rluE	59	48	38	31	24	28
rluF	104	87	74	134	117	88
rmuC	34	41	48	65	70	59
rnb	1376	1238	1401	636	672	666
rnc	250	241	179	281	267	266
rnd	90	99	100	100	85	110
rne	1192	1250	1365	1204	1162	1304
rng	271	329	260	250	251	246
rnhA	31	39	31	51	63	45
rnhB	68	51	54	66	57	55
rnpA	278	301	286	206	217	230
rnr	481	489	470	862	846	808
rnt	52	55	79	47	48	44
rob	286	250	281	539	533	505
rodZ	280	278	293	444	428	498
rof	41	30	38	93	114	104
rpe	199	214	217	182	159	177
rpiA	296	289	378	197	237	229
rplA	4064	4289	4908	1250	1360	1732
rplB	6479	6042	7496	1255	1282	1515
rplC	8083	8521	7320	1192	1236	1461
rplD	5578	5828	4941	805	799	976
rplE	4453	4755	4808	1612	1690	2214
rplF	4963	5158	3874	1133	1216	1405
rplI	1124	1330	1248	176	182	334
rplJ	5043	5144	5211	1837	1909	2376
rplK	1719	1886	2317	523	548	611
rplL	4971	4838	4101	1367	1379	1613
rplM	2419	2369	2772	537	497	565
rplN	1869	2127	2575	753	756	1316
rplO	3976	4241	4704	1037	985	1038
rplP	3103	3081	3576	741	754	855
rplQ	1622	1675	1779	567	556	776
rplR	2042	2189	2141	537	595	662
rplS	1115	1146	924	604	575	614
rplT	1640	1803	1534	1455	1428	2711
rplU	1056	1162	1529	443	405	561
rplV	2536	2607	2721	481	496	499
rplW	3191	3030	2578	504	524	426
rplX	1548	1643	1774	662	681	686
rplY	646	646	590	189	196	211
rpmA	1004	1002	699	354	382	313
rpmB	1088	1174	921	456	476	612
rpmC	1338	1243	1529	321	295	248
rpmD	435	664	579	97	105	132
rpmE	363	340	345	181	182	295
rpmF	163	124	263	129	110	167
rpmG	111	154	153	59	40	97
rpmH	22	48	54	17	8	20
rpmI	357	404	669	545	525	670
rpmJ	2	7	38	9	11	29
rpoA	9859	10294	10214	3583	3646	4456
rpoB	7989	8381	8233	6275	6328	6215
rpoC	7481	8123	8274	6344	6222	7325
rpoD	1126	1144	1263	1895	1854	1898
rpoE	160	136	110	568	576	824
rpoH	196	223	235	577	489	805
rpoN	575	609	541	790	773	718
rpoS	1546	1627	1577	1734	1734	1178
rpoZ	126	69	125	100	103	139
rppH	246	193	232	250	266	228
rpsA	14650	14919	15073	3294	3186	3036
rpsB	4520	4549	4242	1605	1648	1618
rpsC	5906	6143	6495	1295	1382	1545
rpsD	4631	5392	4568	1617	1593	2367
rpsE	3223	3306	3729	1001	937	1116
rpsF	1280	1252	1572	229	280	376
rpsG	2832	3003	3065	959	957	1186
rpsH	2241	2307	2749	782	799	716
rpsI	2035	2290	2419	390	435	625
rpsJ	2873	2771	3698	610	646	568
rpsK	2724	2853	3257	1162	1224	1391
rpsL	1611	1819	2042	479	582	925
rpsM	2765	2732	3428	1221	1259	1444
rpsN	2421	2571	2440	1020	996	1175
rpsO	688	650	842	368	349	530
rpsP	736	669	681	278	322	207
rpsQ	998	1066	1552	289	299	413
rpsR	393	391	487	106	117	113
rpsS	2236	2215	2157	395	393	328
rpsT	1200	1130	1120	378	395	547
rpsU	648	609	883	303	286	284
rraA	241	216	181	563	634	505
rraB	255	234	248	406	418	352
rrrQ	2	0	0	5	2	6
rsd	102	108	61	53	54	47
rseA	334	340	291	2268	2197	2202
rseB	239	195	237	815	840	806
rseC	75	60	69	186	241	255
rseP	530	542	439	442	456	387
rsgA	244	195	222	356	420	426
rsmA	253	253	286	287	295	295
rsmB	149	191	240	390	407	428
rsmC	126	129	123	61	62	86
rsmD	56	64	36	63	67	70
rsmE	48	87	64	60	75	77
rsmF	54	57	74	61	70	82
rsmG	65	67	54	35	38	47
rsmH	228	204	202	250	237	258
rsmI	74	60	61	108	77	72
rspA	7	2	8	21	15	16
rspB	2	2	5	8	12	8
rssA	124	124	117	180	174	193
rssB	90	94	112	149	163	159
rstA	57	57	74	213	192	189
rstB	40	46	31	158	136	192
rsuA	110	126	140	281	230	252
rsxA	70	64	56	93	87	96
rsxB	68	62	46	82	58	97
rsxD	79	55	66	81	90	104
rsxE	50	55	43	44	56	71
rsxG	23	39	48	37	44	53
rtcA	23	5	13	41	45	53
rtcB	18	21	10	29	23	29
rtcR	13	5	13	41	29	36
rtn	59	62	48	74	58	66
rutA	4	5	8	4	7	10
rutB	0	0	0	5	4	5
rutC	2	2	3	3	1	2
rutD	2	2	0	4	6	7
rutE	2	0	8	15	11	7
rutF	5	0	3	5	1	5
rutG	13	5	8	45	34	37
rutR	31	25	28	29	27	14
ruvA	65	87	56	102	113	80
ruvB	88	106	123	108	119	141
ruvC	147	156	148	181	146	159
sad	65	55	59	82	81	56
safA	0	0	0	0	0	0
sanA	13	11	20	19	7	17
sapA	92	101	105	205	248	239
sapB	45	39	46	43	53	61
sapC	23	18	31	35	30	41
sapD	92	85	84	102	108	102
sapF	41	51	54	66	48	72
sbcB	111	92	84	182	153	144
sbcC	151	161	120	72	67	70
sbcD	65	44	59	59	64	67
sbmA	41	34	23	65	70	61
sbmC	32	34	28	105	127	64
sbp	95	78	97	39	46	31
scpA	7	9	5	29	47	44
scpB	4	2	8	4	11	7
scpC	5	2	13	17	22	28
sdaA	41	55	61	166	157	184
sdaB	32	48	41	39	48	62
sdaC	86	44	71	121	114	148
sdhA	2345	2316	2527	25	25	26
sdhB	936	848	888	12	21	20
sdhC	316	292	360	1	5	4
sdhD	330	294	380	3	4	4
secA	1121	1158	1143	1439	1411	1497
secB	359	342	388	331	339	414
secD	871	852	850	581	582	658
secE	302	317	362	211	198	311
secF	363	404	322	358	326	310
secG	591	547	597	189	213	250
secM	93	108	100	170	173	192
secY	9029	9562	8644	3465	3694	4253
selA	180	156	161	190	200	197
selB	257	260	291	303	336	353
selD	388	315	301	533	539	475
selU	23	28	18	60	62	49
seqA	192	161	179	239	261	230
serA	4220	4250	4670	9581	9706	7501
serB	133	92	135	41	34	44
serC	1835	1948	2141	1994	2087	2726
serS	803	774	880	2725	2722	3157
setA	43	18	33	66	76	58
setB	0	9	5	27	38	33
setC	0	7	0	0	2	5
sfmA	0	2	0	3	1	3
sfmC	2	0	0	0	1	3
sfmD	2	5	3	15	35	22
sfmF	0	0	0	8	2	3
sfmH	0	0	3	4	4	5
sfsA	142	142	97	209	280	56
sfsB	7	7	10	20	28	21
sgrR	36	34	28	117	110	129
shiA	214	191	179	207	201	169
sixA	126	142	151	117	130	161
skp	957	972	967	1430	1530	1613
slmA	156	156	125	35	40	38
slp	56	62	51	3129	3301	3577
slt	75	117	110	199	186	212
slyA	124	163	102	297	311	267
slyB	390	434	375	1267	1314	1139
slyD	1045	1032	1319	868	833	1035
slyX	22	25	23	20	21	16
smf	47	39	38	150	130	150
smg	119	142	156	327	356	411
smpB	119	142	133	121	130	145
smrA	52	41	23	40	28	33
smrB	70	41	41	113	131	127
smtA	136	138	135	117	140	102
sodA	2327	2297	2254	16	17	17
sodB	497	551	490	660	683	352
sodC	50	32	36	89	84	71
sohB	278	285	242	411	460	248
solA	201	227	191	116	117	108
soxR	0	0	5	7	18	16
soxS	11	7	8	7	10	5
speA	1397	1372	1235	583	610	728
speB	176	181	181	108	111	82
speC	162	177	171	86	65	76
speD	564	664	503	166	189	143
speE	666	634	653	227	237	178
speF	13	5	0	31	15	26
speG	38	57	41	77	64	64
spoT	810	832	786	712	664	694
sppA	221	159	232	201	180	197
spr	587	579	505	93	100	87
spy	18	25	23	21	19	16
sra	16	18	26	81	75	71
srlA	2	2	0	5	4	4
srlB	0	5	3	0	1	2
srlD	9	21	8	9	8	14
srlE	0	7	8	16	10	13
srlR	43	34	23	43	28	41
srmB	181	140	235	164	139	166
ssb	183	246	214	338	346	336
sseA	83	85	69	485	447	423
sseB	122	122	79	74	70	58
ssnA	0	2	0	9	13	10
sspA	336	349	411	318	333	493
sspB	226	198	301	193	182	280
sstT	190	170	191	2097	2019	2179
ssuA	0	5	3	5	4	5
ssuB	13	18	15	39	30	22
ssuC	0	0	3	7	5	8
ssuD	4	7	3	11	7	8
ssuE	7	2	0	13	8	11
sthA	341	338	408	144	143	148
stpA	370	354	350	13	16	16
sucA	3983	4188	4413	326	265	249
sucB	2018	2130	2562	176	169	194
sucC	2272	2118	2144	125	123	144
sucD	1561	1712	1587	108	100	105
sufB	300	349	339	829	817	636
sufC	127	115	125	293	284	238
sufD	260	296	301	670	641	557
sufE	34	23	20	100	144	84
sufS	199	165	184	575	551	499
sugE	14	9	5	17	19	23
suhB	408	397	375	44	34	50
sulA	36	46	33	72	64	71
surA	752	866	727	996	1025	1093
surE	136	165	128	105	108	91
sxy	34	16	15	80	94	46
syd	63	62	46	114	98	93
tabA	50	55	48	101	125	80
tadA	41	39	23	37	34	51
tag	38	39	41	152	126	113
talA	278	255	217	412	448	410
talB	1683	1489	1245	2015	2062	2131
tam	16	41	23	37	50	43
tap	799	758	806	61	51	71
tar	1126	1185	1228	73	82	80
tas	295	310	306	400	413	438
tatA	215	179	138	222	224	147
tatB	199	207	214	335	336	264
tatC	129	138	89	97	140	157
tatE	36	9	23	55	59	40
tauA	0	9	5	16	7	11
tauB	4	0	18	15	6	10
tauC	2	2	8	16	15	14
tauD	7	9	15	20	12	18
tdcE	14	23	18	19	27	24
tdcF	0	5	0	5	0	8
tdcG	2	7	3	27	19	21
tdh	106	57	94	96	87	103
tdk	36	46	51	13	22	10
tehA	38	41	31	56	67	52
tehB	68	41	33	63	46	64
tesA	56	37	43	213	207	171
tesB	52	41	59	69	48	63
tfaE	2	0	5	1	1	4
tgt	379	416	360	162	143	134
thiB	232	246	230	89	86	89
thiC	2022	1960	2243	1664	1783	1532
thiD	203	216	133	114	102	95
thiE	438	443	516	390	373	347
thiF	539	505	590	412	390	387
thiG	433	439	510	242	243	235
thiH	923	889	730	306	312	303
thiI	241	223	265	176	179	186
thiK	79	51	51	77	93	77
thiL	142	133	97	92	100	70
thiM	246	211	248	141	130	100
thiP	113	113	110	36	24	37
thiQ	32	37	36	21	24	21
thiS	54	28	105	68	65	42
thrA	6343	5978	5852	15852	15909	13580
thrB	1367	1349	1442	3470	3405	3847
thrC	2722	2798	2664	5197	5255	5676
thrS	2810	2591	2639	2830	3071	2729
thyA	176	145	204	215	208	195
tig	3658	3602	3481	1057	1117	1079
tilS	83	67	79	86	80	79
tktA	2157	2127	2322	923	948	929
tktB	560	567	536	878	903	795
tldD	323	262	291	432	409	452
tmcA	97	131	138	207	214	201
tmk	66	69	84	105	80	85
tnaA	7	11	10	8	12	13
tolA	275	223	242	354	287	275
tolB	1104	1146	1235	754	818	991
tolC	659	763	755	1067	1083	1142
tolQ	201	154	156	197	190	201
tolR	40	46	64	39	34	61
tomB	32	39	36	13	17	14
tonB	302	301	237	65	79	69
topA	914	914	878	544	620	551
topB	257	260	276	274	265	328
torA	7	16	8	25	45	38
torC	0	5	0	11	11	9
torD	5	11	8	138	144	210
torR	16	28	18	15	31	27
torS	29	23	31	134	140	121
torT	7	7	0	43	56	48
torY	2	0	0	11	4	6
torZ	14	5	18	51	44	37
tpiA	1122	1080	1166	1943	1830	2107
tpx	1112	1199	980	317	329	450
tqsA	27	23	26	15	17	22
treA	16	28	15	76	76	66
treB	16	7	5	19	17	22
treC	5	18	10	15	11	15
treF	75	71	61	302	382	335
treR	43	32	31	61	64	68
trg	131	131	97	29	31	31
trkA	140	119	120	198	166	167
trkH	102	94	100	148	149	147
trmA	185	149	163	160	165	160
trmD	3877	3777	3974	2273	2211	1772
trmH	84	90	97	101	69	90
trmI	165	163	138	125	113	77
trmJ	215	181	209	321	328	357
trmL	32	23	28	28	17	20
trpA	424	459	449	221	252	183
trpB	810	770	804	392	362	255
trpC	417	379	447	192	190	134
trpD	361	368	357	202	176	180
trpE	309	351	362	261	252	223
trpR	40	25	33	35	29	36
trpS	567	600	597	423	462	268
truA	115	147	138	234	236	204
truB	278	260	204	235	231	232
truC	50	48	54	44	36	41
truD	248	244	232	166	132	123
trxA	400	482	431	374	318	452
trxB	576	563	671	130	149	163
trxC	27	21	48	16	15	17
tsf	2180	2437	2338	758	773	855
tsgA	77	76	84	104	114	96
tsr	1067	1071	1057	78	91	81
tsx	740	698	643	80	70	77
ttcA	190	154	171	90	86	108
ttdA	2	0	3	5	5	9
ttdB	2	0	0	5	4	5
ttdR	20	11	13	17	25	20
ttdT	7	5	3	17	7	16
tusA	34	39	23	52	61	49
tusB	14	28	15	61	71	47
tusC	9	18	23	64	46	54
tusD	84	64	59	156	172	141
tusE	23	21	23	29	31	28
tynA	11	18	5	23	27	33
typA	2911	3099	3131	2069	2118	2594
tyrA	584	655	582	108	103	95
tyrB	541	565	600	610	597	488
tyrP	34	48	46	19	10	25
tyrR	208	239	197	404	350	398
tyrS	612	609	620	801	830	741
ubiB	183	161	161	154	133	124
ubiD	309	276	291	390	346	383
ubiE	187	257	276	229	200	255
ubiF	167	133	133	231	163	179
ubiG	199	170	163	181	200	188
ubiH	201	163	197	343	318	394
ubiX	27	48	36	15	22	14
ucpA	61	76	69	70	75	71
udk	117	136	102	68	67	68
udp	212	262	204	346	347	432
ugd	31	51	48	29	41	38
ugpA	11	7	8	12	7	6
ugpB	90	60	43	16	18	20
ugpC	70	51	82	28	23	35
ugpE	9	14	5	4	5	7
ugpQ	48	62	74	138	115	115
uhpA	108	119	110	96	76	111
uhpB	50	44	46	55	58	85
uhpC	23	32	13	24	21	25
uhpT	81	69	46	9	8	17
uidA	5	11	8	17	16	30
uidC	2	2	0	9	4	7
uidR	36	16	36	177	194	185
ulaA	5	0	3	7	10	16
ulaC	4	0	0	5	5	5
ulaD	7	2	3	17	15	15
ulaE	7	11	5	16	13	13
ulaF	7	0	5	9	7	12
ulaG	9	11	10	9	19	14
ulaR	29	30	23	39	23	25
umuC	22	21	13	25	44	28
umuD	4	0	0	1	8	7
ung	66	57	46	89	100	70
upp	794	751	903	290	287	296
uraA	614	572	666	36	53	48
usg	156	165	168	176	163	200
ushA	203	198	245	277	321	226
uspA	571	549	505	890	878	733
uspB	13	21	10	49	107	70
uspC	14	7	20	61	61	70
uspD	52	60	23	532	563	497
uspE	273	257	288	2028	1997	2105
uspF	63	57	43	327	367	333
uup	336	308	360	210	244	257
uvrA	325	317	311	1088	1060	1092
uvrB	208	225	199	580	583	610
uvrC	253	264	242	302	263	273
uvrD	208	207	225	400	361	449
uvrY	217	186	194	173	223	182
uxaA	20	25	31	41	50	40
uxaB	20	7	8	36	25	32
uxaC	40	21	31	39	36	49
uxuA	25	37	15	15	12	14
uxuB	32	30	38	9	12	19
uxuR	54	67	56	52	52	61
valS	1444	1434	1684	1125	1103	1384
ves	65	44	84	13	4	10
viaA	92	71	36	199	218	217
visC	129	165	128	237	214	221
waaA	117	136	105	59	59	66
wcaA	0	0	5	8	8	8
wcaB	0	2	0	3	2	3
wcaC	2	2	5	3	5	10
wcaD	2	0	0	5	4	6
wcaE	0	2	0	0	5	3
wcaF	0	0	0	1	1	1
wcaI	5	7	5	7	8	8
wcaJ	2	5	5	17	18	15
wcaK	13	2	23	21	22	16
wcaL	9	9	8	13	16	18
wcaM	25	14	10	12	16	17
wecH	11	14	8	19	22	14
wrbA	302	211	316	2704	2687	1853
wza	5	7	0	5	7	6
wzb	0	0	0	1	1	3
wzc	9	7	3	17	13	22
wzxC	4	0	3	16	10	18
wzxE	86	74	84	120	127	124
wzyE	40	34	38	40	44	40
wzzE	185	145	130	160	151	156
xanP	420	420	442	189	182	237
xanQ	11	5	13	20	34	25
xdhA	16	11	13	33	28	36
xdhB	7	5	5	7	12	11
xdhC	0	0	3	16	7	8
xdhD	14	11	26	40	40	54
xerC	192	186	133	350	338	308
xerD	90	74	69	102	107	101
xseA	185	177	240	515	491	574
xseB	75	39	82	68	45	34
xthA	156	145	112	61	30	47
xylA	20	30	20	28	47	41
xylB	43	46	33	81	74	38
xylE	2	5	0	66	36	50
xylF	0	9	5	9	12	10
xylH	4	5	8	11	11	17
xylR	20	34	28	55	51	57
yaaA	92	90	69	29	29	37
yaaH	13	30	13	39	44	60
yaaI	4	0	0	1	11	3
yaaJ	23	14	18	74	50	57
yaaU	5	2	3	12	11	15
yaaW	5	0	3	11	11	7
yaaX	23	18	31	47	53	59
yabI	27	34	20	48	48	37
yacC	45	39	26	157	136	123
yacF	65	101	100	76	65	76
yacG	20	25	18	19	18	22
yacH	20	16	8	41	25	42
yacL	61	41	33	80	64	41
yadD	20	37	31	70	69	20
yadE	27	28	23	82	58	52
yadG	138	103	100	210	214	169
yadH	66	51	59	142	125	144
yadI	5	5	5	17	15	17
yadS	9	11	18	13	18	14
yaeB	47	53	31	44	53	61
yaeF	7	14	0	12	28	14
yaeH	83	85	66	88	86	78
yaeJ	13	18	20	39	50	33
yaeP	25	28	23	116	77	108
yaeQ	61	44	48	94	82	93
yaeR	18	14	23	43	41	39
yafC	25	25	33	39	50	46
yafD	135	142	133	753	677	692
yafE	18	30	23	161	191	194
yafJ	127	129	82	225	217	220
yafK	255	264	214	313	320	312
yafL	2	2	0	15	4	14
yafQ	14	28	10	29	21	17
yafS	25	48	41	55	48	55
yafV	40	34	64	102	125	108
yahA	20	14	5	13	12	16
yahD	2	0	0	41	27	15
yahF	2	2	8	12	21	15
yaiA	65	62	59	59	69	55
yaiE	29	44	59	56	53	70
yaiI	14	23	46	78	63	72
yaiL	40	57	56	52	58	33
yaiO	0	0	0	19	17	13
yaiV	0	0	3	0	2	3
yaiW	75	53	77	101	108	104
yaiY	5	2	8	20	13	14
yaiZ	16	11	5	5	4	7
yajC	305	358	329	189	220	223
yajD	22	16	31	69	74	63
yajG	214	188	202	70	86	98
yajI	9	7	8	25	13	18
yajL	29	60	61	88	75	92
yajO	176	140	138	286	269	251
yajQ	386	329	385	199	201	190
yajR	48	53	43	33	35	36
ybaA	4	11	5	13	7	10
ybaB	311	262	245	199	217	231
ybaE	22	16	26	37	39	40
ybaK	48	41	51	36	41	50
ybaL	163	138	156	120	136	133
ybaM	4	2	8	12	7	7
ybaN	27	28	26	47	42	39
ybaO	13	5	18	23	18	30
ybaP	50	44	43	132	130	132
ybaQ	84	87	64	72	87	78
ybaS	45	64	61	2447	2411	682
ybaT	20	23	31	1353	1247	1080
ybaV	7	9	10	13	15	7
ybaY	135	115	171	97	76	120
ybaZ	7	23	13	41	54	54
ybbA	13	21	15	84	117	63
ybbJ	20	18	18	124	105	110
ybbL	36	28	15	77	77	76
ybbM	36	32	5	63	80	59
ybbN	144	161	197	253	280	258
ybbO	61	99	46	133	114	114
ybbP	52	25	61	146	151	136
ybbW	2	5	0	5	5	10
ybbY	0	7	3	27	13	14
ybcF	2	5	3	8	8	11
ybcI	5	5	5	16	22	14
ybcJ	16	14	15	17	28	26
ybdD	0	0	8	5	2	3
ybdF	9	5	3	33	27	24
ybdH	40	30	31	70	73	74
ybdJ	5	2	3	7	6	5
ybdK	41	51	36	144	144	150
ybdL	14	16	15	57	77	70
ybdM	4	5	8	16	18	19
ybdN	2	2	8	8	7	10
ybdZ	20	11	31	1	2	1
ybeB	79	62	71	47	39	58
ybeD	36	44	43	81	74	93
ybeF	9	2	10	12	18	17
ybeL	48	94	51	172	197	187
ybeR	0	0	0	4	2	2
ybeX	490	434	355	559	513	603
ybeY	77	62	82	113	130	157
ybeZ	345	358	342	648	615	567
ybfA	20	14	5	59	59	110
ybfC	2	2	3	5	5	5
ybfE	16	7	10	17	16	17
ybfF	48	57	48	57	48	48
ybgA	16	28	13	162	168	147
ybgC	88	108	115	141	137	150
ybgD	0	0	3	4	7	4
ybgE	38	28	15	141	142	123
ybgF	803	804	773	484	460	441
ybgI	156	175	179	460	449	380
ybgJ	129	124	148	463	405	330
ybgK	180	179	171	571	467	476
ybgL	93	78	92	202	201	239
ybgO	7	14	8	24	22	26
ybgP	0	2	0	7	7	6
ybgQ	2	0	10	27	22	21
ybgS	14	18	10	12	15	11
ybgT	0	0	0	1	0	3
ybhB	93	64	61	72	61	76
ybhC	393	462	464	227	217	195
ybhF	61	60	66	223	217	243
ybhG	45	39	69	227	198	220
ybhK	50	46	46	32	34	42
ybhL	93	122	92	363	344	366
ybhM	4	5	5	5	1	5
ybhN	25	7	13	64	56	70
ybhO	40	37	41	194	185	194
ybhP	25	34	26	84	76	90
ybhQ	22	14	13	16	13	26
ybhR	27	9	13	63	50	50
ybhS	18	11	13	60	64	74
ybiA	2	0	3	11	12	6
ybiB	156	145	176	249	260	255
ybiC	639	565	595	537	541	475
ybiH	25	25	23	73	59	70
ybiI	20	7	8	8	6	11
ybiJ	9	5	13	12	16	14
ybiO	40	39	36	97	82	107
ybiP	56	46	56	28	50	32
ybiR	65	53	71	86	102	54
ybiS	318	312	355	301	396	381
ybiT	347	347	393	446	376	382
ybiV	66	90	79	36	53	48
ybiW	16	9	13	31	52	45
ybiX	86	53	64	13	22	21
ybiY	4	2	3	11	10	7
ybjC	20	7	3	17	8	10
ybjD	65	64	97	57	69	78
ybjE	41	41	38	16	13	26
ybjG	16	21	28	16	23	23
ybjH	5	7	3	9	7	9
ybjI	47	51	51	43	40	33
ybjJ	40	25	33	24	16	28
ybjK	7	2	3	8	10	10
ybjL	102	110	82	149	173	178
ybjM	4	5	5	57	54	41
ybjN	68	67	46	138	146	143
ybjO	13	5	8	15	19	14
ybjP	50	60	56	154	132	160
ybjQ	29	30	26	74	75	73
ybjS	79	83	51	93	91	93
ybjT	119	78	89	108	104	102
ybjX	158	149	133	293	307	327
ycaC	113	108	112	80	82	68
ycaD	63	60	74	154	136	198
ycaI	25	16	10	52	58	54
ycaK	5	5	13	1	6	3
ycaL	20	11	10	15	7	14
ycaM	7	0	5	27	8	18
ycaN	16	5	3	16	21	17
ycaO	352	322	299	57	68	68
ycaP	16	11	20	53	48	36
ycaQ	23	18	33	31	45	30
ycaR	31	30	26	56	53	35
ycbB	154	145	179	439	425	450
ycbC	16	11	26	78	70	91
ycbF	13	7	8	44	41	43
ycbJ	18	7	18	539	571	541
ycbK	232	232	227	454	426	397
ycbL	271	266	245	495	453	503
ycbU	0	5	3	7	10	5
ycbV	9	5	5	7	10	8
ycbX	115	94	107	226	247	219
ycbZ	327	301	309	374	339	383
yccA	298	308	334	306	326	357
yccF	34	30	38	47	29	25
yccJ	57	53	66	493	517	465
yccM	2	5	18	35	33	29
yccS	135	138	148	134	138	146
yccT	7	14	8	31	33	37
yccU	66	78	64	126	142	137
yccX	11	5	8	41	25	22
ycdT	14	9	10	32	30	29
ycdX	207	159	163	150	177	142
ycdY	144	126	156	102	121	102
ycdZ	34	30	26	45	48	47
yceA	268	273	273	35	24	30
yceB	34	39	36	160	143	139
yceD	1762	1705	1416	517	581	696
yceF	124	76	92	121	115	111
yceG	43	48	36	68	62	58
yceH	92	90	87	121	137	106
yceI	68	55	82	8	7	5
yceJ	11	9	18	7	4	4
yceK	36	62	66	76	58	53
yceM	92	110	120	129	134	103
ycfD	286	223	214	371	324	404
ycfH	124	103	79	156	137	224
ycfJ	16	18	10	57	41	47
ycfL	111	115	71	177	198	202
ycfP	194	179	171	508	488	335
ycfQ	101	76	102	94	91	72
ycfS	16	14	20	11	7	6
ycfT	0	5	10	12	12	13
ycgB	151	163	148	354	288	291
ycgE	97	101	64	128	130	133
ycgF	90	85	84	25	41	22
ycgG	2	5	3	15	13	9
ycgJ	23	14	13	4	12	5
ycgL	43	64	54	37	27	22
ycgM	66	69	84	36	35	41
ycgN	20	16	18	94	92	61
ycgR	298	262	296	16	17	18
ycgV	29	23	20	73	63	73
ycgX	5	2	5	0	1	1
ycgY	2	0	3	3	5	3
ychA	124	138	123	180	142	189
ychE	16	0	5	37	41	33
ychF	386	418	462	102	96	96
ychH	16	23	18	48	45	57
ychJ	70	74	82	57	58	49
ychM	43	53	56	262	244	318
ychN	83	115	82	118	126	95
ychO	48	44	31	59	93	65
ychQ	11	5	23	11	10	21
yciA	63	53	36	17	19	35
yciB	41	37	38	112	125	118
yciC	68	71	54	162	161	154
yciE	16	21	10	4	2	3
yciF	14	11	13	5	7	3
yciG	7	2	5	9	10	8
yciH	106	96	71	19	13	11
yciI	93	117	59	98	92	100
yciK	57	64	56	84	79	73
yciM	104	108	71	198	234	221
yciN	22	14	15	37	33	36
yciO	90	51	48	152	150	109
yciS	45	51	20	69	54	84
yciT	61	44	51	144	143	159
yciU	68	80	77	121	162	121
yciV	117	67	74	70	90	91
yciW	90	94	102	85	85	82
yciZ	0	2	5	17	18	27
ycjD	5	5	3	7	7	8
ycjF	45	32	31	101	111	80
ycjG	57	57	43	154	159	178
ycjM	0	0	3	13	15	9
ycjN	0	0	5	8	6	7
ycjO	2	5	5	4	2	7
ycjP	0	0	3	8	8	7
ycjQ	0	2	15	11	2	7
ycjR	5	2	8	8	5	7
ycjS	4	9	0	16	18	18
ycjT	4	7	10	31	30	32
ycjU	2	0	5	5	5	6
ycjW	16	25	23	9	13	15
ycjX	34	18	33	137	133	131
ycjY	5	11	8	15	19	24
ycjZ	23	25	26	31	24	27
ydaM	104	80	69	140	146	128
ydaN	63	71	61	105	104	80
ydbC	32	55	43	49	45	38
ydbD	5	18	0	8	11	15
ydbH	66	60	59	73	64	62
ydbJ	43	23	33	118	134	103
ydbK	490	464	526	544	497	490
ydbL	13	32	13	27	18	8
ydcA	0	0	0	1	5	6
ydcF	72	80	41	82	74	77
ydcH	5	2	0	9	11	10
ydcI	190	179	163	19	23	19
ydcJ	13	25	13	27	18	27
ydcK	20	30	26	92	90	74
ydcL	99	83	77	64	69	51
ydcN	9	2	5	13	13	16
ydcO	16	5	3	16	13	21
ydcP	251	237	268	82	94	90
ydcR	66	57	48	44	42	46
ydcS	13	39	36	17	15	20
ydcT	5	5	13	8	5	8
ydcU	16	11	10	9	17	13
ydcV	7	9	13	3	5	4
ydcX	2	2	3	4	2	3
ydcY	25	18	43	65	71	65
ydcZ	40	21	28	166	173	191
yddA	23	18	15	3	7	5
yddB	48	46	59	15	17	20
yddG	20	28	20	17	22	21
yddH	13	9	3	17	16	13
yddM	7	14	10	28	25	24
yddW	68	67	64	150	157	165
ydeA	65	53	41	102	111	92
ydeE	18	16	13	39	45	42
ydeH	20	28	15	16	12	17
ydeI	5	0	13	45	40	36
ydeJ	11	2	8	9	7	10
ydeM	0	0	0	0	7	4
ydeN	11	5	13	12	13	14
ydeO	2	0	0	1	0	2
ydeP	20	14	18	24	15	22
ydeQ	0	0	0	4	5	3
ydeR	0	0	3	4	2	3
ydeS	0	2	0	1	4	2
ydfA	0	0	3	1	0	1
ydfD	0	0	0	0	0	1
ydfG	341	338	306	479	547	620
ydfH	59	101	48	181	190	213
ydfI	9	11	0	35	45	34
ydfR	0	0	0	4	1	2
ydfU	2	0	0	4	4	9
ydfZ	11	16	10	700	748	607
ydgA	496	420	408	1205	1323	1138
ydgC	22	21	5	9	12	10
ydgD	59	28	56	194	184	203
ydgH	406	418	411	368	384	209
ydgI	22	18	10	17	29	34
ydgJ	214	216	197	277	283	282
ydgK	40	23	20	246	254	250
ydhB	16	14	20	32	34	41
ydhC	11	25	28	15	21	18
ydhF	90	78	64	162	150	153
ydhI	4	5	13	5	17	8
ydhJ	14	5	13	23	24	24
ydhK	18	18	33	66	75	66
ydhO	74	48	48	52	40	40
ydhP	63	53	43	59	35	41
ydhQ	233	223	163	565	487	288
ydhR	117	92	89	137	142	104
ydhS	88	80	59	207	192	187
ydhT	0	7	5	23	39	27
ydhU	5	5	3	17	19	13
ydhV	2	2	5	24	30	23
ydhW	9	5	3	16	4	11
ydhX	11	5	0	9	16	13
ydhY	0	2	3	5	5	8
ydhZ	9	11	13	7	2	8
ydiB	0	0	3	4	2	5
ydiE	22	28	15	0	0	2
ydiF	5	2	3	4	11	8
ydiH	14	16	5	257	257	322
ydiI	144	90	128	230	242	185
ydiJ	1094	1036	1008	1920	1904	1589
ydiK	57	57	69	144	149	213
ydiL	0	0	0	0	1	2
ydiN	2	2	0	5	5	4
ydiO	4	7	5	7	7	7
ydiP	2	14	5	12	22	19
ydiQ	5	2	0	11	2	8
ydiR	9	5	10	16	13	12
ydiS	7	2	8	9	23	14
ydiT	2	0	0	0	0	2
ydiU	268	262	199	53	64	62
ydiY	115	106	105	32	12	18
ydiZ	50	37	33	134	139	65
ydjA	145	175	151	146	128	106
ydjE	4	9	8	12	12	8
ydjF	23	34	13	24	22	14
ydjH	5	5	3	9	6	6
ydjI	4	2	3	4	1	5
ydjJ	4	2	3	5	11	8
ydjK	2	0	3	5	5	9
ydjL	4	0	3	9	8	14
ydjM	2	5	10	8	8	7
ydjN	706	825	732	122	154	215
ydjX	9	14	10	41	53	40
ydjZ	7	7	5	27	34	37
yeaC	88	76	84	7	4	5
yeaD	280	276	263	32	54	35
yeaE	32	62	15	177	168	162
yeaG	670	657	544	978	1097	721
yeaH	120	149	174	299	275	223
yeaI	2	0	3	31	50	30
yeaJ	13	16	8	44	31	44
yeaK	47	39	43	86	99	90
yeaL	5	9	15	33	46	28
yeaM	22	14	13	31	17	23
yeaN	9	18	13	27	28	19
yeaO	22	21	13	60	68	40
yeaP	153	129	123	161	211	170
yeaQ	86	76	64	219	220	198
yeaR	0	0	3	8	2	4
yeaV	7	2	0	8	10	14
yeaW	0	2	3	15	12	14
yeaX	5	2	8	20	15	12
yeaY	77	69	59	106	103	156
yeaZ	86	124	123	80	81	69
yebA	95	83	107	98	113	118
yebB	4	2	3	7	2	6
yebC	397	407	398	613	589	466
yebE	14	11	15	28	36	26
yebF	124	106	92	43	50	43
yebG	52	23	46	63	70	63
yebK	81	74	48	129	115	112
yebN	13	2	8	3	5	4
yebO	57	53	28	32	39	51
yebQ	20	14	8	37	28	26
yebS	47	25	26	64	74	66
yebT	153	172	161	206	172	203
yebV	32	28	51	328	332	419
yebW	9	0	0	23	15	22
yebY	41	62	46	53	76	51
yebZ	115	117	117	93	93	104
yecA	131	131	82	340	335	181
yecD	36	46	48	112	133	114
yecE	27	18	46	57	59	52
yecH	7	2	3	73	59	72
yecM	27	48	41	78	51	56
yecN	22	30	38	60	42	67
yecT	9	7	5	3	1	2
yedV	52	37	43	24	18	18
yedW	57	62	41	21	24	16
yedY	22	14	28	49	33	58
yedZ	9	7	0	12	12	12
yeeA	36	28	23	49	46	43
yeeD	75	78	71	85	79	106
yeeE	352	340	217	217	243	178
yeeN	257	255	179	185	168	130
yeeO	27	34	20	136	167	72
yeeX	312	310	232	568	558	503
yeeY	16	14	38	104	96	70
yeeZ	169	119	135	420	378	354
yegD	47	39	51	23	29	31
yegE	117	108	130	149	172	182
yegH	74	83	79	234	202	254
yegI	14	23	5	27	38	33
yegK	0	5	0	11	4	7
yegL	2	2	0	9	10	8
yegP	63	34	33	104	80	82
yegQ	165	165	163	285	292	273
yegR	2	9	0	0	0	1
yegS	32	30	31	77	71	57
yegT	9	14	5	11	12	18
yegU	7	32	3	24	24	18
yegW	27	30	18	32	47	28
yegX	36	25	15	60	48	40
yehB	7	2	0	20	19	15
yehI	18	18	26	69	70	61
yehL	4	2	0	1	6	7
yehM	5	2	3	13	21	25
yehR	4	7	0	5	4	7
yehS	38	21	26	47	40	49
yehT	32	32	48	16	29	23
yehU	84	83	64	33	31	33
yehW	14	16	26	40	23	34
yehX	27	32	33	37	46	34
yehY	32	32	43	47	29	43
yeiB	97	78	97	53	51	70
yeiE	47	48	48	66	74	91
yeiG	126	161	171	182	150	185
yeiH	20	21	31	63	67	74
yeiI	43	44	33	72	64	82
yeiL	4	2	0	4	7	3
yeiP	154	115	110	51	63	48
yeiQ	32	44	33	16	17	20
yeiR	34	57	41	23	28	28
yeiS	4	5	3	5	8	3
yeiW	0	11	10	12	16	10
yejA	40	18	56	105	116	93
yejB	22	11	3	28	34	35
yejE	18	14	23	47	50	43
yejF	65	83	87	152	166	187
yejG	50	44	56	20	28	24
yejH	47	46	46	63	64	71
yejK	244	241	181	137	120	130
yejL	31	30	38	88	81	71
yejM	162	216	189	249	237	272
yfaA	9	9	18	21	21	23
yfaD	13	25	13	27	24	27
yfaE	29	34	13	5	12	10
yfaL	74	87	69	238	213	141
yfaP	0	5	5	4	10	14
yfaQ	9	2	8	20	28	29
yfaT	0	0	0	12	11	9
yfaY	133	122	133	209	192	248
yfaZ	14	28	20	5	17	6
yfbM	2	2	3	3	7	4
yfbR	41	28	38	63	54	66
yfbS	50	41	23	178	177	187
yfbT	162	136	125	258	264	286
yfbU	205	193	163	282	261	270
yfbV	38	57	61	64	91	109
yfcA	106	90	82	110	133	104
yfcC	4	14	5	64	64	63
yfcD	144	147	117	122	110	116
yfcE	102	133	107	138	126	151
yfcF	34	41	38	45	48	57
yfcG	14	21	20	19	30	31
yfcH	142	172	133	141	130	162
yfcI	9	2	13	8	15	12
yfcJ	31	7	36	11	21	18
yfcL	52	60	41	24	17	32
yfcM	79	87	97	112	123	92
yfcP	2	2	0	13	5	6
yfcR	2	0	0	7	5	5
yfcS	2	0	0	5	8	7
yfcV	0	0	3	1	0	2
yfcZ	11	21	28	134	153	121
yfdC	31	28	26	96	91	72
yfdE	5	2	8	15	10	12
yfdK	4	16	5	5	6	6
yfdV	2	0	3	3	4	4
yfdX	2	0	3	0	2	3
yfdY	2	2	5	31	22	17
yfeA	77	62	59	60	41	61
yfeC	27	9	5	21	27	37
yfeD	16	16	26	35	25	43
yfeH	38	76	46	63	54	57
yfeK	9	9	5	20	17	18
yfeO	13	23	26	97	113	92
yfeR	18	16	18	44	40	40
yfeX	203	154	197	420	426	402
yfeY	54	34	43	80	56	87
yfeZ	20	28	20	24	25	21
yffB	34	30	20	36	36	28
yfgC	162	168	117	311	298	265
yfgD	127	106	94	121	119	115
yfgF	13	11	10	28	25	29
yfgG	9	7	13	19	21	27
yfgH	0	0	0	1	1	2
yfgI	2	2	0	7	13	7
yfgJ	11	2	8	11	18	14
yfgM	286	237	242	225	242	224
yfgO	61	83	74	112	123	123
yfhG	31	39	46	68	75	66
yfhH	13	21	15	19	22	31
yfhL	11	11	13	8	16	13
yfhM	239	241	227	882	980	1009
yfhR	9	5	5	13	8	11
yfiB	23	30	23	43	53	45
yfiC	27	48	43	44	51	62
yfiD	366	379	319	418	441	562
yfiE	25	16	23	70	64	47
yfiF	241	241	260	113	125	148
yfiH	92	122	100	98	115	92
yfiL	5	7	15	12	17	18
yfiM	40	23	69	29	23	27
yfiN	18	11	28	59	50	56
yfiP	23	21	26	32	10	31
yfiQ	127	101	110	121	121	131
yfiR	23	16	15	55	44	33
yfjD	75	74	69	106	140	122
ygaC	4	7	13	40	30	34
ygaD	27	34	48	32	35	38
ygaH	38	39	54	55	58	55
ygaM	253	250	163	515	459	250
ygaP	16	7	23	11	22	15
ygaU	169	175	145	323	315	241
ygaV	7	5	3	5	6	7
ygaZ	135	124	117	209	182	246
ygbA	2	0	3	16	15	8
ygbE	25	21	18	17	18	16
ygbI	22	51	28	39	38	27
ygbJ	9	2	5	5	10	11
ygbK	7	9	13	17	18	20
ygbL	4	2	0	8	6	7
ygbM	5	7	5	16	10	10
ygbN	11	7	5	27	35	32
ygcE	5	0	0	19	19	18
ygcG	2	2	0	3	4	2
ygcN	5	7	3	35	28	29
ygcO	2	2	0	7	0	3
ygcP	13	2	8	11	2	10
ygcQ	5	2	3	11	16	11
ygcR	0	2	0	9	6	8
ygcS	2	2	5	11	4	7
ygcU	7	0	5	7	10	11
ygcW	2	0	0	1	2	3
ygdB	4	5	5	3	1	4
ygdD	20	11	28	23	40	20
ygdG	18	16	20	24	22	25
ygdH	169	232	212	974	968	867
ygdI	20	18	28	13	22	37
ygdQ	31	37	18	92	133	136
ygdR	9	21	18	80	58	80
ygeA	57	62	46	60	35	29
ygeR	63	71	69	149	146	131
ygeV	13	7	5	24	34	33
ygeW	0	0	0	7	10	10
ygeX	4	5	3	8	19	19
ygeY	0	7	5	16	6	14
ygfB	208	184	179	255	258	327
ygfF	27	11	23	29	31	26
ygfI	13	7	13	16	19	17
ygfK	22	16	15	40	33	45
ygfM	2	9	5	5	7	7
ygfQ	4	11	3	21	18	22
ygfS	0	7	3	4	0	6
ygfT	2	9	5	28	18	25
ygfU	2	0	3	12	17	11
ygfX	63	57	43	81	97	95
ygfY	74	71	71	124	142	114
ygfZ	257	287	253	302	307	278
yggC	29	28	36	76	53	64
yggD	38	30	54	49	56	70
yggE	194	186	209	275	280	257
yggF	5	9	5	19	12	12
yggG	93	80	77	57	61	46
yggI	9	9	10	8	16	18
yggL	117	117	179	112	128	84
yggM	7	2	5	16	15	9
yggN	99	90	69	118	128	40
yggP	7	5	8	1	10	11
yggR	7	7	5	12	5	10
yggS	79	90	92	56	45	61
yggT	90	108	84	69	56	74
yggU	25	46	33	19	15	16
yggW	70	101	107	66	75	79
yggX	52	64	48	24	24	20
yghA	41	34	18	45	74	49
yghB	52	80	36	114	114	125
yghJ	88	83	89	76	84	97
yghQ	5	5	0	15	15	10
yghR	0	2	3	4	8	6
yghS	0	2	5	11	6	7
yghT	0	2	0	4	6	3
yghU	122	115	120	199	201	222
yghW	0	2	0	165	196	141
ygiB	111	159	145	307	292	288
ygiC	210	175	204	160	188	233
ygiD	22	23	13	52	38	53
ygiF	165	161	145	130	125	90
ygiL	5	5	0	1	4	3
ygiM	57	60	82	117	96	123
ygiN	135	136	84	403	380	485
ygiQ	320	329	365	278	261	301
ygiV	7	7	3	23	28	25
ygiW	25	34	41	84	68	92
ygjD	149	142	135	82	81	98
ygjH	4	2	0	1	1	5
ygjI	0	0	3	7	7	7
ygjJ	0	0	5	3	8	8
ygjK	0	7	0	19	25	34
ygjP	9	18	8	19	21	28
ygjQ	0	0	0	3	12	8
ygjR	48	53	82	69	73	80
ygjV	4	2	5	45	38	32
yhaH	18	21	31	77	74	36
yhaI	2	5	0	1	4	3
yhaJ	79	85	74	78	88	49
yhaK	14	7	18	17	16	13
yhaL	2	5	3	4	6	6
yhaM	16	5	8	70	79	59
yhaO	11	5	5	72	75	49
yhaV	31	46	38	100	80	73
yhbE	194	145	219	105	121	97
yhbJ	251	214	281	718	760	790
yhbO	14	18	20	41	58	30
yhbP	13	16	3	20	18	18
yhbQ	11	5	8	19	13	28
yhbS	54	28	74	156	155	183
yhbT	115	147	100	406	401	310
yhbU	18	11	15	136	165	141
yhbV	9	2	26	84	87	103
yhbW	99	83	102	41	47	48
yhbX	9	7	5	16	12	12
yhbY	196	149	207	190	205	229
yhcB	172	179	181	237	226	274
yhcC	9	7	0	33	21	30
yhcG	14	5	5	23	23	18
yhcH	5	11	15	23	16	21
yhcM	115	74	92	80	85	67
yhcN	11	7	8	5	8	17
yhcO	9	5	15	27	13	32
yhdE	156	136	120	219	221	150
yhdH	74	99	87	223	198	99
yhdJ	4	11	5	5	15	15
yhdN	32	39	26	60	65	64
yhdP	190	165	199	237	240	224
yhdT	0	2	3	9	6	5
yhdU	0	0	3	0	0	0
yhdV	4	7	5	7	5	9
yhdX	5	11	3	11	12	17
yhdY	0	2	0	15	10	10
yhdZ	13	11	10	17	18	17
yheO	201	172	140	448	461	334
yheS	253	216	199	176	179	181
yheT	66	78	77	60	51	53
yheU	4	2	8	3	5	5
yheV	9	14	13	7	11	6
yhfA	77	92	69	137	131	104
yhfK	124	152	117	285	226	276
yhfL	0	0	0	1	1	1
yhfT	4	2	10	16	21	23
yhfU	0	5	3	4	8	4
yhfW	0	0	5	21	11	14
yhfX	0	2	3	13	11	11
yhfY	4	0	8	4	4	3
yhfZ	31	30	36	11	10	13
yhgE	36	25	36	65	50	59
yhgF	476	436	505	249	209	250
yhgN	22	37	13	20	30	28
yhhA	16	11	5	184	172	173
yhhI	2	0	3	8	5	4
yhhJ	47	37	48	37	31	36
yhhK	9	23	15	29	18	21
yhhL	5	11	15	13	12	13
yhhM	23	14	23	12	28	22
yhhN	14	14	31	138	116	222
yhhQ	20	14	10	12	10	18
yhhS	36	46	26	109	128	115
yhhT	18	16	33	113	111	58
yhhW	32	23	18	76	103	99
yhhX	117	115	115	380	410	410
yhhY	7	16	3	16	16	22
yhiD	18	21	10	751	821	727
yhiI	108	115	133	137	114	109
yhiJ	2	5	0	5	10	9
yhiM	11	7	23	2810	2865	2996
yhiN	95	83	74	81	67	77
yhiQ	34	30	41	51	63	75
yhiR	66	78	79	97	105	139
yhjA	5	9	13	61	39	53
yhjB	0	5	5	23	15	14
yhjC	14	11	23	13	12	15
yhjD	22	21	38	77	71	93
yhjE	1187	1105	1146	262	283	251
yhjG	151	156	176	205	166	136
yhjH	280	271	296	17	15	23
yhjJ	115	60	107	306	283	239
yhjK	83	94	100	108	100	98
yhjV	56	37	66	56	59	49
yhjX	11	5	5	35	23	32
yhjY	36	21	36	70	71	80
yiaA	0	2	0	3	0	2
yiaB	0	0	0	3	4	1
yiaC	16	16	13	72	105	82
yiaD	27	28	13	25	25	17
yiaF	194	218	232	350	379	372
yiaG	68	46	36	44	59	56
yiaJ	59	51	66	105	93	80
yiaK	0	2	5	8	6	9
yiaL	2	0	0	0	0	2
yiaN	2	2	5	12	16	9
yiaO	2	0	5	4	5	9
yiaQ	5	2	3	3	5	6
yiaR	5	5	3	7	2	5
yiaS	9	0	8	9	13	10
yiaT	4	5	5	7	13	5
yiaU	14	25	23	31	31	27
yiaV	5	0	3	8	11	12
yiaW	0	0	0	0	2	1
yiaY	0	0	0	8	10	14
yibA	11	5	3	7	17	9
yibD	2	0	8	13	6	11
yibF	36	46	66	25	28	28
yibH	18	18	5	17	29	18
yibI	2	0	3	4	8	6
yibL	63	78	92	59	80	67
yibN	235	292	204	158	166	176
yibQ	95	99	56	55	59	71
yibT	22	28	31	56	70	28
yicC	287	278	237	205	215	243
yicG	0	11	5	15	10	13
yicH	126	103	120	202	205	219
yicI	14	11	13	43	61	54
yicJ	9	0	0	23	15	21
yicL	45	41	33	88	71	66
yicN	4	5	13	8	15	23
yicO	0	0	0	9	15	13
yicR	4	5	5	9	5	7
yicS	4	2	10	3	1	5
yidA	138	159	128	279	286	256
yidB	25	16	10	27	22	18
yidC	1309	1408	1498	575	628	755
yidE	45	39	46	86	90	102
yidF	11	2	8	17	15	20
yidG	5	2	10	11	10	15
yidH	13	0	13	16	16	15
yidQ	40	39	36	176	197	302
yidR	66	67	82	185	171	251
yidX	9	11	5	13	22	19
yidZ	31	16	28	59	50	47
yieE	18	21	13	105	107	163
yieF	52	71	74	176	177	207
yieH	32	44	41	49	42	48
yieK	7	2	3	20	12	14
yieL	5	2	3	7	7	8
yieP	57	55	54	391	410	459
yifB	38	28	36	48	45	47
yifE	268	292	304	64	65	86
yifK	180	207	263	52	41	45
yifL	40	51	48	125	111	85
yigA	140	115	174	251	194	206
yigB	113	67	102	185	166	159
yigE	0	7	10	19	15	14
yigI	36	41	48	5	10	7
yigL	92	85	79	113	126	124
yigM	13	32	26	85	105	83
yigP	108	119	112	190	149	212
yigZ	34	41	64	53	45	64
yihA	178	119	115	74	92	100
yihD	31	23	26	51	51	69
yihF	2	7	13	5	6	14
yihG	29	18	31	7	11	14
yihI	169	161	145	229	229	220
yihL	14	23	5	20	23	19
yihM	14	21	8	8	6	11
yihN	2	9	3	5	7	11
yihT	11	5	8	8	12	13
yihU	7	7	3	7	5	8
yihV	11	2	3	19	28	23
yihW	43	48	41	28	35	26
yihX	65	60	56	70	74	49
yihY	61	41	43	88	87	76
yiiD	205	177	212	198	201	157
yiiE	0	0	0	0	2	1
yiiF	4	5	0	3	0	4
yiiG	2	7	3	7	8	7
yiiM	56	41	33	116	91	68
yiiQ	75	41	38	21	19	27
yiiR	23	14	15	21	24	22
yiiS	23	28	23	319	356	226
yiiX	14	23	13	47	52	41
yijD	56	85	74	108	93	140
yijE	13	14	20	36	63	53
yijF	4	0	0	11	5	10
yijO	13	25	23	65	70	44
yijP	379	384	406	283	267	229
yjaB	9	5	0	15	18	8
yjaG	122	170	107	129	130	126
yjaH	61	57	48	39	47	49
yjbB	48	60	61	63	57	65
yjbD	11	16	13	23	18	17
yjbE	5	2	13	3	2	5
yjbF	4	2	0	1	5	5
yjbG	2	0	3	4	4	7
yjbH	16	16	13	29	36	41
yjbJ	7	9	3	47	40	48
yjbQ	97	62	48	868	893	727
yjbR	23	28	41	364	369	293
yjcB	5	9	13	101	92	162
yjcC	14	21	15	25	11	27
yjcD	566	641	692	194	188	162
yjcE	86	106	61	134	113	142
yjcH	11	9	5	3	1	1
yjcO	70	46	36	92	88	90
yjcS	4	0	0	12	17	16
yjcZ	142	152	171	20	18	22
yjdA	147	204	207	49	68	54
yjdC	95	115	100	271	289	241
yjdF	7	18	23	40	33	31
yjdI	13	5	5	27	34	9
yjdJ	23	11	20	36	57	19
yjdL	16	9	15	25	30	32
yjdM	11	9	8	20	24	26
yjdN	5	7	3	40	34	39
yjdO	0	0	0	0	0	0
yjdP	5	14	13	24	25	17
yjeA	31	30	41	29	35	41
yjeE	38	46	33	77	81	64
yjeF	102	80	79	274	266	220
yjeH	90	51	71	106	105	83
yjeI	241	225	207	249	213	201
yjeJ	23	16	18	21	15	26
yjeK	117	119	166	85	90	106
yjeM	2	2	5	13	11	18
yjeP	79	101	117	104	110	147
yjeT	2	5	0	4	2	6
yjfC	4	9	5	12	13	15
yjfF	4	2	0	13	16	20
yjfI	0	0	0	1	4	1
yjfJ	2	0	5	1	1	4
yjfK	0	2	0	3	0	4
yjfL	0	0	3	1	4	2
yjfM	0	0	0	3	6	4
yjfN	0	5	3	43	46	39
yjfP	29	30	26	60	74	64
yjfY	2	2	0	15	12	6
yjgA	178	181	135	182	163	122
yjgB	70	69	82	192	183	172
yjgF	903	813	995	237	238	307
yjgH	11	7	3	20	22	18
yjgI	4	5	8	20	15	21
yjgJ	36	34	13	19	27	13
yjgM	54	48	54	59	52	46
yjgN	0	0	0	7	0	5
yjgR	84	133	87	73	76	58
yjiA	48	101	54	118	127	107
yjiC	0	0	0	0	6	5
yjiG	0	5	0	51	40	41
yjiH	0	2	0	92	107	78
yjiJ	23	23	15	39	36	36
yjiK	4	7	8	27	21	12
yjiL	2	5	3	56	45	48
yjiM	9	11	23	189	160	163
yjiN	20	18	26	59	91	104
yjiX	2	11	13	7	17	9
yjiY	22	28	28	265	241	271
yjjA	86	71	59	77	68	70
yjjB	4	2	0	29	23	36
yjjG	90	60	92	69	76	65
yjjI	22	23	23	93	97	97
yjjK	722	793	827	364	324	422
yjjL	40	55	54	40	34	45
yjjN	0	2	0	11	8	8
yjjP	11	11	5	43	41	63
yjjQ	0	2	0	3	4	2
yjjU	90	117	123	2069	2145	775
yjjV	72	53	77	1345	1239	431
yjjW	5	9	5	47	41	43
yjjX	41	34	51	47	44	52
yjjZ	4	7	5	1	4	2
yjtD	34	30	51	60	57	43
ylaB	32	39	26	74	92	85
ylaC	18	28	28	20	21	19
ylbA	25	30	10	19	23	19
ylbF	0	2	5	11	5	10
yliE	79	90	38	21	30	22
yliF	27	28	38	13	12	9
yliI	36	11	26	69	67	65
ymbA	43	57	28	55	62	56
ymdA	65	48	61	4	5	5
ymdB	48	41	41	122	109	69
ymdC	48	71	64	172	178	129
ymgC	2	0	0	0	2	0
ymgD	14	7	13	12	7	10
ymgE	7	0	0	15	10	17
ymgG	9	16	8	12	10	7
ymjA	5	7	5	24	22	34
ynaI	31	16	28	64	73	66
ynaJ	136	124	66	57	41	48
ynbA	0	0	0	1	1	2
ynbB	0	2	0	4	2	4
ynbC	9	7	3	13	16	19
ynbD	22	5	5	23	24	24
ynbE	0	2	3	0	0	1
yncA	90	78	105	528	525	593
yncD	74	69	64	20	19	23
yncE	659	563	613	16	11	16
yncG	5	11	5	45	52	48
yncH	0	0	0	0	0	0
yncJ	4	2	5	1	2	2
yneE	27	48	33	27	23	29
yneF	7	5	8	60	56	69
yneG	22	5	15	37	36	36
yneH	63	69	74	61	74	84
yneJ	29	25	36	45	22	36
ynfA	9	16	5	20	12	8
ynfB	54	69	56	153	148	112
ynfC	52	60	61	52	74	57
ynfD	11	9	3	33	42	29
ynfE	25	30	23	88	75	63
ynfF	22	25	20	81	69	75
ynfG	4	5	5	7	12	13
ynfH	14	14	20	41	44	45
ynfK	32	32	31	241	228	231
ynfL	20	18	10	27	33	30
ynfM	22	30	31	134	120	137
ynhG	104	122	84	481	476	427
yniA	95	80	100	335	349	351
yniB	45	51	26	81	71	76
yniC	45	57	33	64	48	62
ynjA	14	23	18	25	31	38
ynjB	25	18	41	66	91	94
ynjC	13	14	10	48	38	53
ynjD	13	21	15	24	18	26
ynjE	61	60	59	258	259	261
ynjF	18	16	15	16	21	25
ynjH	22	28	10	9	7	5
ynjI	29	25	38	16	11	20
yoaA	104	115	110	77	104	78
yoaB	181	154	156	49	46	43
yoaC	22	7	8	49	34	19
yoaE	106	131	100	96	87	107
yoaF	9	11	18	19	23	23
yoaG	0	0	0	0	0	0
yoaH	41	18	18	31	34	21
yobA	47	51	74	85	109	84
yobB	18	7	13	49	31	32
yobD	25	37	15	7	6	11
yobF	81	78	140	120	133	143
yobH	20	7	5	7	4	7
yodB	2	2	8	7	11	6
yohC	9	9	3	76	81	70
yohD	27	30	13	81	77	70
yohF	34	23	28	76	76	60
yohJ	4	2	10	113	126	153
yohK	16	9	8	194	160	223
yojI	224	253	250	28	17	26
yojO	0	0	0	0	0	0
ypdA	38	46	54	78	54	71
ypdB	27	51	54	84	92	78
ypdC	11	23	28	47	57	46
ypdE	2	5	3	11	8	11
ypdF	0	5	8	4	8	8
ypeA	48	28	41	51	73	56
ypeB	7	14	5	11	7	13
ypeC	20	9	18	16	17	16
ypfG	23	25	15	69	58	51
ypfH	31	46	43	121	131	149
ypfJ	183	131	168	334	316	257
ypfN	13	28	18	23	27	27
yphA	22	23	23	41	58	48
yphB	9	16	13	20	13	26
yphC	14	16	13	19	16	25
yphD	2	2	0	16	15	8
yphE	4	5	5	11	11	15
yphF	0	0	3	5	6	4
yphG	7	0	18	29	29	36
yphH	13	14	33	32	21	24
ypjD	50	44	51	108	110	112
yqaA	31	37	41	25	30	49
yqaB	57	74	61	72	69	75
yqaE	7	7	0	9	10	9
yqcA	27	53	43	113	125	115
yqcC	13	11	13	11	10	13
yqcE	11	9	3	12	8	13
yqeA	16	7	10	24	19	25
yqeB	16	16	18	25	34	28
yqeC	0	2	3	0	5	5
yqeF	169	136	171	11	8	13
yqeG	7	14	10	15	15	16
yqeH	2	2	0	4	1	2
yqfA	41	30	26	178	150	164
yqfB	27	32	23	41	42	36
yqgA	7	5	8	43	44	43
yqgB	0	5	0	1	1	1
yqgE	92	113	115	331	343	332
yqgF	66	55	66	153	155	165
yqhA	127	87	82	65	54	72
yqhC	50	44	51	13	21	19
yqhD	794	848	901	379	396	349
yqhG	11	9	15	23	15	14
yqhH	0	0	0	1	5	5
yqiA	61	60	69	122	125	150
yqiB	43	53	64	88	82	75
yqiC	61	41	33	94	88	110
yqiH	7	2	0	1	4	2
yqiI	5	2	5	7	4	6
yqiJ	4	2	3	7	1	3
yqiK	5	14	0	20	22	23
yqjA	57	55	59	114	122	101
yqjC	92	108	97	344	298	380
yqjD	119	115	179	198	172	246
yqjE	127	101	123	222	224	344
yqjF	4	14	5	16	11	12
yqjG	56	60	48	120	143	123
yqjH	54	78	59	8	13	11
yqjI	25	21	20	15	31	29
yqjK	108	115	110	194	177	281
yraH	13	5	3	5	7	6
yraI	2	0	0	3	1	3
yraJ	43	16	26	73	77	81
yraK	11	16	13	25	19	30
yraN	34	28	59	81	70	80
yraP	126	147	138	118	113	139
yraQ	189	154	232	36	35	37
yraR	29	23	13	39	44	21
yrbA	63	71	66	101	93	69
yrbG	56	51	66	85	97	82
yrbL	221	234	242	644	658	717
yrdA	153	129	143	322	349	310
yrdB	38	44	20	77	64	61
yrfF	97	96	97	81	96	107
yrfG	93	67	38	74	65	71
yrhB	2	0	3	12	8	8
ysaA	23	16	26	60	46	59
ysaB	4	0	8	8	6	6
ysgA	149	177	123	117	138	129
ytcA	0	0	0	3	0	1
ytfB	65	60	79	158	148	120
ytfE	4	9	0	25	23	24
ytfF	9	11	8	16	8	20
ytfH	9	11	0	15	19	17
ytfJ	5	2	13	4	7	7
ytfK	4	7	5	4	1	6
ytfL	50	46	59	101	93	138
ytfM	144	133	135	172	185	193
ytfN	309	338	227	347	343	406
ytfP	129	124	107	130	102	126
ytfQ	13	21	15	16	21	18
ytfR	11	16	13	41	19	26
ytfT	7	2	5	15	12	14
ytjA	7	2	26	3	4	4
ytjB	43	37	26	39	61	39
ytjC	79	92	97	68	69	82
zapA	86	60	77	222	260	383
zapB	108	87	105	194	190	228
zapC	84	76	66	73	91	44
zinT	5	2	3	1	1	4
zipA	388	365	454	577	556	622
zitB	56	53	59	210	190	243
zntA	59	74	59	137	120	167
zntR	22	16	18	49	48	51
znuA	124	119	123	51	45	55
znuB	31	28	26	33	42	53
znuC	41	41	31	93	87	92
zraP	4	2	5	37	50	39
zraR	34	25	51	61	82	44
zraS	7	9	20	20	27	23
zupT	74	76	82	156	165	177
zur	34	37	26	69	82	65
zwf	731	698	694	856	740	718
