contigName	contigLen	normDepth
b0001	66	19.697
b0002	2463	114.3524
b0003	933	150.4287
b0004	1287	107.0319
b0005	297	49.3266
b0006	777	84.9421
b0007	1431	104.9266
b0008	954	601.5723
b0009	588	120.6633
b0010	567	112.963
b0011	714	63.0952
b0013	405	40.9877
b0014	1917	588.0543
b0015	1131	157.3828
b0016	1113	0.0
b4412	153	80.0654
b0018	210	216.6667
b0019	1167	150.6427
b0020	906	59.989
b0021	504	0.0
b0022	276	0.0
b0023	264	278.5985
b0024	219	54.7945
b0025	942	159.6603
b0026	2817	197.8523
b0027	495	139.3939
b0028	450	87.3333
b0029	951	84.3323
b0030	915	66.2295
b0031	822	74.8783
b0032	1149	118.3638
b0033	3222	124.7207
b0034	396	211.4899
b0035	591	74.7039
b0036	786	63.4224
b0037	1554	91.1197
b0038	1218	113.8342
b0039	1143	124.4094
b0040	1515	117.5578
b0041	771	89.4293
b0042	942	53.397
b0043	1287	75.2914
b0044	288	69.0972
b0045	1332	95.1201
b0046	531	59.887
b0047	1863	92.5121
b0048	480	72.2917
b0049	843	97.5682
b0050	378	132.8042
b0051	822	129.4404
b0052	990	127.5253
b0053	1287	232.129
b0054	2355	153.397
b0055	816	99.326
b0058	660	117.8788
b0059	2907	75.7998
b0060	2352	85.3741
b0061	696	107.7586
b0062	1503	256.2209
b0063	1701	137.7425
b0064	879	173.0944
b0065	765	95.4248
b0066	699	43.7768
b0067	1611	63.9975
b0068	984	97.7134
b0069	1656	79.7403
b4662	132	42.803
b0070	1179	90.0339
b0071	606	74.67
b0072	1401	69.8787
b0073	1092	84.5696
b0074	1572	66.4122
b0075	87	20.6897
b0076	945	80.7407
b0077	1725	114.6667
b0078	492	96.3415
b0080	1005	259.602
b0081	459	196.2963
b0082	942	237.3673
b0083	366	148.9071
b0084	1767	118.9587
b0085	1488	147.0766
b0086	1359	137.4908
b0087	1083	169.9446
b0088	1317	170.615
b0089	1245	195.6225
b0090	1068	190.824
b0091	1476	157.9607
b0092	921	237.6221
b0093	831	247.4128
b0094	1263	234.2439
b0095	1152	559.9392
b0096	918	1471.4052
b0097	513	151.0721
b0098	2706	198.6142
b0099	390	57.3077
b0101	198	55.5556
b0102	744	99.7312
b0103	621	109.0982
b0104	1044	176.5326
b0106	1203	107.9385
b0107	1386	64.3218
b0108	441	75.2834
b0109	894	84.7315
b0110	552	102.0833
b0111	855	170.8772
b0112	1374	140.4658
b0113	765	128.2353
b0114	2664	231.7943
b0115	1893	247.7021
b0116	1425	331.193
b0117	1854	62.6753
b0118	2598	175.5196
b0119	363	163.6364
b0120	795	137.6101
b0121	867	120.4729
b0122	348	116.3793
b0123	1551	90.8446
b0124	2391	83.5425
b0125	537	137.4302
b0126	663	128.6576
b0127	927	138.9428
b0128	771	118.0934
b0129	441	125.5102
b0130	1230	89.5935
b0131	381	134.3832
b0132	903	101.8272
b0133	852	142.6643
b0134	795	78.1761
b0135	1239	0.0807
b0136	597	9.8827
b0137	606	19.637
b0138	570	33.3333
b0139	2598	34.4881
b0140	741	38.5965
b0141	585	41.8803
b0142	480	38.9583
b0143	1398	129.9714
b0144	927	72.5458
b0145	456	444.4079
b0146	705	254.3262
b0147	531	70.7156
b0148	2430	79.9383
b0149	2535	98.7179
b0150	2244	43.6943
b0151	798	70.1128
b0152	891	64.927
b0153	1983	73.1215
b0154	1281	161.5144
b0155	1422	119.9015
b0156	345	206.2319
b0157	624	117.3878
b0158	801	110.9863
b0159	699	169.8856
b0160	1518	90.975
b0161	1425	146.1754
b0162	1158	130.2677
b0163	387	197.8036
b0164	813	0.0
b0166	825	128.8485
b0167	2673	114.8335
b0168	795	135.8491
b0169	726	994.6281
b0170	852	445.2465
b0171	726	158.0579
b0172	558	379.4803
b0173	1197	115.8312
b0174	762	225.2625
b0175	858	209.2657
b0176	1353	229.7118
b0177	2433	278.8327
b0178	486	412.2428
b0179	1026	307.846
b0180	456	236.8421
b0181	789	190.4309
b0182	1149	106.9626
b0183	597	89.0285
b0184	3483	107.2495
b0185	960	182.9688
b0186	2142	128.0112
b0187	390	66.7949
b0188	1299	60.5466
b0189	255	161.3725
b4406	201	158.209
b0190	546	93.956
b0191	423	82.0331
b0192	711	81.1533
b0193	825	43.0909
b0194	1719	118.2083
b0195	708	66.3136
b0196	405	93.5802
b0197	816	155.3922
b0198	654	152.5229
b0199	1032	77.6647
b0200	576	88.0208
b0207	804	67.4129
b0208	915	110.4372
b0209	801	184.3321
b0210	624	73.5577
b0211	1359	196.8359
b0212	756	147.5529
b0213	723	108.5062
b0214	468	86.5385
b0215	732	126.2978
b0217	786	0.0
b4586	480	0.0
b0219	771	96.1738
b0220	474	158.8608
b0221	2445	75.8691
b0222	579	119.3437
b0223	768	108.6589
b0224	741	133.5358
b0225	279	0.0
b0226	261	0.0
b0227	750	32.4
b0228	498	17.6707
b0231	1056	90.5303
b0232	294	0.0
b0233	399	0.0
b0234	453	63.7969
b0237	1458	162.5171
b0238	459	116.0131
b0239	1245	141.2048
b0241	1056	53.4091
b0242	1104	112.1377
b0243	1254	113.0781
b0245	342	0.2924
b0246	318	4.5597
b4504	222	8.5586
b0247	477	18.1342
b0248	459	0.0
b0249	240	1.0417
b0250	468	0.0
b0251	444	0.0
b0252	822	3.1022
b0253	864	5.2083
b0254	894	0.0
b0256	1152	0.0
b0259	1017	0.0
b0260	1404	0.0
b0261	933	0.0
b0262	1047	0.0
b0264	504	0.0
b0265	276	0.0
b0267	1155	0.0
b0268	909	0.0
b0269	1968	0.0508
b0270	1383	0.0
b0271	1611	0.0
b0272	759	0.0
b0273	1005	0.0
b0274	504	0.0
b0275	276	0.0
b0277	627	0.0
b0278	699	0.0
b0279	855	0.0
b0280	441	0.0
b0281	1401	0.0
b0283	957	43.5737
b0284	2199	50.5457
b0285	957	45.977
b0286	690	50.7246
b0287	615	109.0244
b0288	330	57.1212
b0289	711	87.3418
b0290	1644	79.1363
b0291	2526	89.7664
b0292	669	77.8027
b0293	588	123.4694
b0294	591	75.3807
b0295	228	34.4298
b4506	141	36.5248
b0296	264	43.9394
b4671	102	35.7843
b0298	300	19.1667
b0299	867	25.0288
b0301	594	100.2525
b0303	237	50.211
b0304	1326	117.3077
b0305	855	90.9357
b0306	720	147.5
b0307	1428	202.416
b0308	696	142.5287
b0310	669	38.3408
b0311	1671	62.8067
b0312	1473	75.7637
b0313	588	36.9898
b0314	2034	81.5143
b0315	1089	72.9109
b0316	933	87.5134
b0317	498	98.8956
b0318	606	53.7954
b0319	864	63.1366
b0320	1548	63.8566
b0321	1419	61.8746
b0323	951	55.6782
b0324	1383	52.0246
b0325	1050	167.7143
b0326	816	40.0735
b0327	246	58.7398
b0328	672	117.6339
b0329	276	100.0
b0330	1587	55.356
b0331	891	74.0741
b0333	1170	57.3932
b0334	1452	68.1129
b0335	1887	73.3174
b0336	1260	101.1905
b0337	1284	100.3115
b0338	900	37.2778
b0339	660	37.6515
b0340	471	34.1826
b0341	1155	40.8225
b0342	612	138.6438
b0343	1254	191.5072
b0344	3075	163.3008
b0345	1083	124.3306
b0346	834	80.6355
b0347	1665	81.3814
b0348	945	72.1693
b0349	867	68.8581
b0350	810	79.321
b0351	951	52.2082
b0352	1014	66.2722
b0353	1212	83.7871
b0354	540	102.037
b0355	834	61.6307
b0356	1110	73.2883
b0357	276	67.7536
b0358	774	82.2997
b0360	366	0.0
b0361	906	0.2208
b0363	1197	65.8312
b0364	558	37.0072
b0365	963	60.54
b0366	768	54.2969
b0367	828	41.7271
b0368	852	45.0704
b0369	975	136.6154
b0372	867	26.9896
b0373	300	20.8333
b0375	624	56.4103
b0376	1158	87.133
b0377	1221	72.4406
b0378	1095	99.6347
b0379	309	48.0583
b0380	213	124.1784
b0381	1095	140.6849
b0382	261	62.2605
b0383	1416	69.1737
b0384	321	74.1433
b0385	1116	101.5681
b0386	810	91.1728
b0387	459	81.5904
b0388	525	105.9048
b0389	192	65.3646
b0390	678	56.5634
b0391	285	144.386
b0393	912	86.7325
b0394	909	152.6953
b0396	1185	115.7806
b0397	3147	62.2974
b0398	1203	76.3092
b0399	690	103.913
b0400	1296	83.7963
b0401	1320	127.3485
b0402	1374	108.0058
b0403	1815	80.551
b0404	582	77.1478
b0405	1071	80.3922
b0406	1128	150.8422
b0407	333	179.8799
b0408	1848	172.4026
b0409	972	226.1317
b0410	348	142.6724
b0411	885	217.5141
b0412	540	63.5185
b0413	450	131.2222
b0414	1104	116.4855
b0415	471	150.1062
b0416	420	192.8571
b0417	978	110.5828
b0418	519	102.9865
b0419	975	122.7692
b0420	1863	97.1014
b0421	900	139.6111
b0422	243	114.6091
b0423	1449	80.9179
b0424	591	104.5685
b0425	912	110.5263
b0426	492	159.248
b0427	1365	89.304
b0428	891	118.9113
b0429	330	89.2424
b0430	615	78.7805
b0431	1992	103.8153
b0432	948	91.9304
b0433	1476	91.6667
b0434	579	103.9724
b0435	318	239.4654
b0436	1299	282.4095
b0437	624	249.9199
b0438	1275	344.9804
b0439	2355	190.2123
b0440	273	660.4396
b0441	1872	204.594
b0442	372	80.1075
b0443	399	87.7193
b0444	696	100.5029
b0445	1701	118.3128
b0446	819	511.1722
b0447	459	141.8301
b0448	1773	100.9588
b0449	1782	81.8182
b0450	339	75.9587
b0451	1287	142.6962
b0452	861	92.3345
b0453	573	90.7504
b0454	390	80.5128
b0456	354	95.4802
b0457	1551	100.9349
b0458	471	73.9915
b0459	552	78.5326
b0460	219	147.032
b0461	375	172.5333
b0462	3150	197.873
b0463	1194	156.2395
b0464	648	123.1481
b0465	3363	77.5944
b0466	162	18.2099
b0467	528	39.2992
b0468	378	67.4603
b0469	552	127.6268
b0470	1932	72.2826
b0471	330	170.303
b0472	606	125.8251
b0473	1875	223.4133
b0474	645	192.6357
b0475	963	107.4766
b0476	960	115.9375
b0477	1305	102.6437
b0478	1677	123.7329
b0479	1221	92.5471
b0480	1653	147.6104
b0481	480	83.6458
b0482	795	88.6792
b0483	342	88.0117
b0484	2505	102.2355
b0485	933	76.4202
b0486	1293	107.5793
b0487	408	80.0245
b0488	459	142.2658
b0489	918	154.7386
b0490	678	81.9322
b0491	780	108.6538
b0492	855	103.8596
b0493	810	76.2346
b0494	627	125.1994
b0495	687	109.3159
b0496	2415	89.1097
b0497	4281	50.6657
b0498	369	0.0
b0503	1095	70.411
b0504	927	75.9978
b0505	483	68.9441
b0506	816	183.701
b0507	1782	72.0258
b0508	777	74.26
b0509	879	78.4983
b0511	1455	94.9141
b0512	1362	98.4581
b0513	1302	88.3257
b0514	1146	78.0977
b0515	786	107.1247
b0516	1236	105.0971
b0517	1050	83.619
b0518	1668	57.8237
b4572	1260	100.873
b0520	816	89.6446
b0521	894	69.2953
b0522	1068	100.4682
b0523	510	61.2745
b0524	723	67.8423
b0525	495	261.3131
b0526	1386	79.4372
b0527	522	89.6552
b0528	213	115.493
b0529	867	129.9308
b0530	543	29.7422
b0531	693	40.9812
b0532	2604	54.0707
b0533	984	62.7033
b0534	516	35.3682
b0535	633	36.4929
b0537	1164	12.457
b0540	300	23.3333
b0541	867	28.4314
b0543	333	21.3213
b0544	1527	0.0
b0545	552	31.8841
b0546	798	10.5263
b4588	102	11.2745
b0547	456	40.5702
b0548	171	38.0117
b0549	291	61.6838
b0550	363	68.3196
b4509	141	34.0426
b0551	384	45.8333
b0552	1017	0.0
b0554	216	42.1296
b0555	498	104.5181
b0556	462	76.9481
b4510	183	9.8361
b0557	294	31.1224
b0558	411	0.0
b0559	207	0.0
b4589	195	0.0
b0560	546	15.293
b0564	750	0.0
b0565	954	100.3145
b0566	762	35.6299
b0567	891	67.2278
b0568	2973	70.4844
b0569	2238	70.286
b0570	1443	69.5426
b0571	684	75.9503
b0572	1374	43.6681
b0573	333	56.7568
b0574	1224	58.0882
b0575	3144	94.9268
b0576	1377	107.7705
b0577	1248	125.601
b0578	654	132.4159
b0579	369	57.0461
b0580	249	50.6024
b0581	1119	95.9786
b4415	153	35.6209
b0582	1113	0.0
b0583	621	32.8502
b0584	2241	69.5448
b0585	1203	82.419
b4511	219	36.3014
b0586	3882	71.0201
b0587	1134	70.7672
b0588	816	63.2966
b0589	993	51.863
b0590	1005	47.4129
b0591	1251	53.3173
b0592	957	55.9039
b0593	1176	62.1173
b0594	1611	71.8498
b0595	858	107.6923
b0596	747	59.7055
b0597	414	69.4444
b0598	2106	145.3941
b4512	198	62.3737
b0599	1089	80.2112
b0600	1161	72.093
b0601	630	118.4921
b0602	1221	79.3612
b0603	903	37.2093
b0604	747	67.1352
b0605	564	627.8369
b0606	1566	214.9106
b0607	429	610.6061
b0608	1239	59.6045
b0610	411	113.1387
b0611	807	96.9641
b0612	1464	76.8101
b0613	879	48.3504
b0614	552	61.8659
b0615	1533	67.2864
b0616	909	61.8262
b0617	297	49.8316
b0618	1059	86.6856
b0619	1659	95.2682
b0620	681	73.5683
b0621	1386	100.1443
b0622	561	58.1996
b0623	210	1366.9048
b0624	384	122.2656
b0627	204	153.4314
b0628	966	160.766
b0629	954	53.1971
b0630	642	123.9875
b0631	264	119.5076
b0632	1212	74.9175
b0633	1089	95.5923
b0634	1113	96.451
b0635	1902	73.633
b0636	468	112.5
b0637	318	100.9434
b0638	612	72.1405
b0639	642	102.8816
b0640	1032	92.2965
b0641	582	243.7285
b0642	2583	227.5068
b0643	483	428.882
b0644	978	43.6094
b0645	708	40.3955
b0646	1428	50.7353
b0647	555	37.8378
b0648	708	53.9548
b0649	1452	68.4917
b0650	1671	36.4752
b0651	936	137.7671
b0652	726	72.5895
b0653	675	82.0
b0654	741	69.1633
b0655	909	72.9373
b0656	1017	0.0
b0657	1539	118.3236
b0658	879	237.5995
b0659	468	140.0641
b0660	1041	142.3631
b0661	1425	90.4211
b0662	1176	84.0986
b0674	1665	70.9009
b0675	753	102.324
b0676	1221	118.9599
b0677	1149	116.4491
b0678	801	111.1111
b0679	1947	130.4314
b0680	1665	123.4234
b0681	1407	84.8969
b0682	327	39.7554
b0683	447	270.5817
b4637	87	129.8851
b0684	531	146.4218
b0685	294	58.8435
b0686	765	86.3399
b0687	546	156.3187
b0688	1641	215.4174
b0689	495	0.0
b0692	1320	149.8485
b0693	2199	70.2592
b4590	258	0.0
b0694	678	66.8142
b0695	2685	81.0056
b0696	573	81.9372
b0697	2049	61.347
b0698	1674	67.1744
b4513	90	15.0
b0699	207	142.9952
b0700	4194	44.6471
b0702	327	31.4985
b0704	570	40.4386
b0706	762	24.147
b0707	510	63.9216
b0708	1419	53.4179
b0709	1482	97.8745
b0710	744	92.4059
b0711	657	87.6712
b0712	933	113.6656
b0713	735	70.4762
b0714	792	88.447
b0715	1047	55.1576
b0716	1062	31.8267
b0717	729	14.1289
b0718	2448	38.848
b0719	567	1.1464
b0720	1284	177.1807
b0721	390	105.2564
b0722	348	117.8161
b0723	1767	147.5382
b0724	717	141.2831
b0726	2802	147.4126
b0727	1218	185.8374
b0728	1167	190.874
b0729	870	201.3793
b0730	723	32.2268
b0731	1977	53.0096
b0732	2634	43.2422
b0733	1569	761.8866
b0734	1140	765.4825
b4515	114	546.0526
b0735	294	207.483
b0736	405	133.2099
b0737	693	129.5094
b0738	429	92.3077
b0739	1266	126.0269
b0740	1293	222.3125
b0741	522	505.364
b0742	792	241.8561
b0750	1044	72.2701
b0751	720	125.4167
b0752	942	107.4841
b0753	381	51.3123
b0754	1053	141.453
b0755	753	270.1195
b0756	1041	217.8674
b0757	1149	119.5387
b0758	1047	92.6457
b0759	1017	89.9213
b0760	1473	86.2525
b0761	789	111.7871
b0762	150	63.0
b0763	774	97.2868
b0764	690	122.3188
b0765	1059	104.8159
b0766	819	77.7167
b0767	996	122.8414
b0768	954	72.8512
b0769	1053	68.5185
b0770	1434	90.4812
b0771	2262	68.1698
b0772	1284	103.7773
b0773	477	70.9644
b0774	1290	64.5736
b0775	1041	75.2642
b0776	1155	47.4459
b0777	756	58.3995
b0778	678	91.1504
b0779	2022	181.6271
b0780	909	73.4873
b0781	990	95.6061
b0782	513	134.7953
b0783	486	116.9753
b0784	246	91.4634
b0785	453	113.3554
b0786	705	254.9645
b0787	714	54.2717
b0788	957	113.8976
b0789	1242	90.5395
b0790	762	71.063
b0791	411	309.0024
b0792	1107	99.5032
b0793	1134	101.1023
b0794	1737	100.6908
b0795	999	94.5946
b0796	672	73.2143
b0797	1365	57.7289
b0798	483	44.3064
b0799	2151	93.7936
b0800	963	119.2627
b0801	1086	119.7974
b0802	261	62.069
b0803	267	62.9213
b0804	678	55.3835
b0805	2283	69.4919
b0806	261	49.0421
b0807	927	78.7487
b0808	2226	92.0934
b0809	723	120.5394
b0810	660	98.7879
b0811	747	215.5288
b0812	504	787.5992
b0813	888	87.5
b0814	516	506.0078
b0815	1584	73.2323
b4705	129	40.3101
b0817	468	91.5598
b0818	1119	96.6041
b0819	921	121.2812
b0820	1593	113.9674
b0821	1266	46.3665
b0822	816	48.0392
b0823	2433	77.312
b0824	900	85.1111
b0825	663	81.5988
b0826	750	56.9333
b0827	1236	85.9628
b0828	966	95.3934
b0829	1872	90.7051
b0830	1539	99.5776
b0831	921	115.9066
b0832	912	97.7522
b0833	2349	61.3665
b0834	1329	76.3356
b0835	1326	110.5581
b0836	384	4524.6094
b0837	1116	133.9158
b0838	627	103.3493
b0839	1203	156.1513
b0840	759	110.4743
b0841	597	83.6683
b0842	1233	89.4566
b0843	285	72.6316
b0844	816	118.5049
b0845	1209	91.6873
b0846	537	76.1639
b0847	1686	110.8541
b0848	378	110.8466
b0849	258	97.6744
b0850	288	109.2014
b0851	723	153.8728
b0852	903	117.4972
b0853	477	119.0776
b0854	1113	94.115
b0855	1134	84.2593
b0856	954	75.3145
b0857	846	97.3995
b0858	489	71.0634
b0859	1128	68.7943
b0860	732	72.4044
b0861	669	99.1779
b0862	717	109.1353
b0863	732	161.3388
b0864	729	108.2305
b0865	516	51.6473
b0866	324	107.2531
b0867	831	155.8965
b0868	1014	136.0454
b0869	1431	96.6806
b0870	1002	85.2794
b0871	1719	120.7097
b0872	969	73.065
b0873	1653	89.9274
b0874	900	96.4444
b0875	696	136.1351
b0876	1659	116.7571
b0877	993	94.9648
b0878	1116	90.7258
b0879	1947	107.0365
b0880	225	854.0
b0881	321	219.7819
b0882	2277	661.4405
b0884	219	244.9772
b0885	705	76.1702
b0886	1722	115.331
b0887	1767	99.3209
b0888	966	137.1118
b0889	495	244.8485
b0890	3990	141.0025
b0891	612	125.817
b0892	1344	99.9628
b0893	1293	558.7394
b0894	2445	251.7996
b0895	618	155.8252
b0896	864	302.8356
b0897	627	164.5933
b0898	1149	159.7911
b0899	1431	55.5206
b0900	909	30.8031
b0901	591	59.0525
b0902	741	197.9757
b0903	2283	1612.3303
b0904	858	362.7622
b0905	1761	63.9977
b0906	693	92.785
b0907	1089	132.966
b0908	1284	79.0109
b0909	765	56.5359
b0910	684	85.5994
b0911	1674	1280.5854
b0912	285	199.2982
b0913	2265	96.6446
b0914	1749	109.6627
b0915	987	82.8267
b0916	1233	68.897
b0917	183	76.5027
b0918	747	143.842
b0919	894	334.0604
b0920	780	110.7692
b0921	786	123.5369
b0922	1323	99.4331
b0923	705	131.2766
b0924	4461	122.8088
b0925	1848	136.1201
b0926	549	299.7268
b0927	648	288.8889
b0928	1191	395.2141
b0929	1089	532.7824
b0930	1401	254.0328
b0931	1203	108.5204
b0932	2613	110.0459
b0933	768	73.8932
b0934	792	62.7525
b0935	1146	54.5375
b0936	960	62.4479
b0937	576	58.8542
b0938	540	8.6111
b0939	702	51.6382
b0940	2601	45.3479
b0941	1071	51.3072
b0942	543	33.3333
b0943	516	72.8682
b0944	711	48.3826
b0945	1011	83.4817
b0946	543	75.8748
b0947	1110	89.5495
b0948	2109	97.1313
b0949	1908	78.4067
b0950	1254	103.9075
b0951	1641	111.9439
b0952	564	117.4645
b0953	168	763.3929
b0954	519	137.9576
b0955	1761	104.77
b0956	453	106.2914
b0957	1041	1860.5187
b0958	510	325.4902
b0959	630	121.5873
b0960	2154	81.1746
b0961	447	74.7204
b0962	2055	128.6375
b0963	459	212.963
b0964	663	77.451
b0965	414	120.6522
b0966	318	466.0377
b0967	1191	96.4736
b0968	279	61.1111
b0969	330	99.3939
b0970	660	333.3333
b0972	1119	113.7176
b0973	1794	96.7949
b0974	708	119.2797
b0975	588	115.9014
b0976	399	97.2431
b0977	858	118.1235
b0978	1545	110.5178
b0979	1137	127.0009
b4592	93	55.914
b0980	1299	95.0346
b0981	2181	132.5309
b0982	447	89.2617
b0983	1140	100.3947
b0984	2097	89.4134
b0985	747	124.9665
b0986	645	145.5814
b0987	306	866.3399
b4516	276	0.0
b0988	504	0.0
b0989	213	51.1737
b0990	213	98.1221
b0991	231	64.7186
b4517	174	73.2759
b0992	1074	99.1155
b0993	2745	78.6521
b0994	1029	101.895
b0995	693	81.241
b0996	1173	64.6633
b0997	2547	77.4833
b0998	600	52.9167
b0999	306	133.4967
b1000	921	158.6319
b1001	1257	28.4407
b1002	1242	307.81
b1003	228	555.9211
b1004	597	596.2312
b4518	174	50.8621
b1006	1329	99.9248
b1007	495	35.2525
b1008	591	53.2995
b1009	801	62.4844
b1010	387	55.168
b1011	693	78.86
b1012	1149	65.5352
b1013	639	58.3725
b1014	3963	75.6371
b1015	1509	92.4122
b1018	1128	53.5904
b1019	1272	65.9984
b1020	1065	54.7418
b1021	414	41.9082
b1022	1326	45.2112
b1023	2019	48.1179
b1024	2424	46.349
b1025	1359	39.3304
b1026	867	25.9516
b1027	300	20.1667
b1029	987	0.0
b1033	939	116.8797
b1034	738	133.7398
b1035	555	104.955
b1036	492	134.9593
b1037	834	78.4173
b1038	417	64.988
b1039	390	61.9231
b1040	651	50.4608
b1041	456	50.0
b1042	456	65.0219
b1043	333	53.1532
b1044	312	36.6987
b1045	534	94.2884
b1046	1422	104.0788
b1047	1158	89.2919
b1048	1536	205.306
b1049	2544	139.2099
b1050	228	188.5965
b1051	375	195.8667
b1053	1227	92.7873
b1054	921	108.8491
b1055	1053	73.2194
b1056	576	57.2049
b1057	567	62.3457
b1058	141	31.5603
b1059	1119	106.345
b1060	255	293.1373
b1061	246	140.8537
b1062	1047	70.0096
b1063	561	104.0107
b1064	648	113.8889
b1065	1209	164.9711
b1066	585	134.5299
b1067	648	113.6574
b1068	924	108.171
b1069	1536	87.793
b1070	417	87.7698
b1071	294	51.1905
b1072	660	60.5303
b1073	417	51.3189
b1074	405	69.8765
b1075	696	63.2184
b1076	1209	60.4632
b1077	756	56.2831
b1078	783	86.8455
b1079	699	57.5107
b1080	1098	67.2131
b1081	942	77.1762
b1082	1644	66.8491
b1083	954	65.9329
b1084	3186	244.9937
b1085	321	126.324
b1086	960	95.8854
b1087	585	112.6496
b1088	522	479.5977
b1089	174	339.6552
b1090	1071	114.6125
b1091	954	191.195
b1092	930	215.6452
b1093	735	490.8844
b1094	237	845.5696
b1095	1242	411.6345
b1096	810	102.284
b1097	1023	85.5327
b1098	642	114.6417
b1099	1005	104.1294
b1100	798	141.416
b1101	1434	133.0544
b1102	2190	90.0913
b1103	360	165.9722
b1104	378	169.709
b1105	642	159.7352
b1106	825	99.0303
b1107	1026	136.8908
b1108	543	288.7661
b1109	1305	83.2567
b1110	540	81.4815
b1111	633	111.5324
b1112	258	57.1705
b1113	963	86.6044
b1114	3447	90.1218
b1115	1074	79.4227
b1116	1200	69.9583
b1117	702	60.6838
b1118	1245	95.8635
b1119	912	114.4189
b1120	729	93.69
b1121	789	57.7947
b1122	462	30.7359
b1123	1047	102.1012
b1124	795	75.3459
b1125	828	63.1643
b1126	1137	83.0695
b1127	1227	216.2999
b1128	1122	171.123
b1129	1461	113.8946
b1130	672	128.497
b1131	1371	111.6703
b1132	642	78.7383
b1133	1107	120.6414
b1134	462	70.9957
b1135	654	77.8287
b1136	1251	343.765
b1137	666	0.0
b1138	705	0.0
b1139	894	0.0
b1140	1128	0.0
b1141	246	0.0
b1143	342	0.0
b1144	309	0.0
b1145	675	0.0
b1146	201	0.0
b1147	558	0.0
b1148	339	0.0
b1150	183	0.0
b1153	585	0.0
b1154	630	0.0
b1155	414	0.0
b1156	603	0.0829
b1158	555	0.0
b1159	834	0.0
b1160	324	12.1914
b1161	405	39.8765
b1162	732	89.2077
b1163	1212	50.8663
b1164	237	33.5443
b1165	273	57.6923
b1166	267	32.397
b1167	249	25.1004
b1168	1524	65.3543
b4520	219	27.1689
b1171	330	69.3939
b1172	345	55.942
b4593	174	30.1724
b4594	186	28.7634
b1174	267	135.5805
b1175	813	216.4207
b1176	696	146.7672
b1177	369	76.4228
b1178	402	142.2886
b1179	294	49.3197
b1180	660	70.0758
b1181	462	59.5238
b1182	912	41.9408
b1183	420	66.0714
b1184	1269	91.253
b1185	531	100.6591
b1186	1542	85.1167
b1187	720	155.9028
b1188	1533	179.4847
b1189	1299	69.7075
b1190	1071	79.3651
b1191	1737	81.4335
b1192	915	94.918
b1193	612	94.8529
b1194	735	98.2313
b1195	255	57.6471
b1196	441	52.2676
b1197	1698	83.0978
b1198	1419	125.1938
b1199	633	96.9194
b1200	1071	111.578
b1201	1920	81.7448
b1202	2868	48.0474
b1203	1092	139.2857
b1204	585	76.0684
b1205	279	662.3656
b1206	1680	132.0536
b1207	948	340.1371
b1208	852	93.9554
b1209	624	91.3462
b1210	1257	77.2474
b1211	1083	88.5503
b1212	834	82.3741
b1213	393	71.5013
b1214	810	138.3333
b1215	855	183.3918
b4419	108	14.8148
b4421	108	10.6481
b4423	108	14.3519
b1216	1101	82.6975
b1217	231	45.0216
b1218	696	78.592
b1219	354	255.0847
b1220	1395	99.9642
b1221	651	124.7312
b1222	1797	67.724
b1223	1392	107.5431
b1224	3744	71.1672
b1225	1539	65.8869
b1226	711	58.7201
b1227	678	74.115
b1229	90	30.5556
b1232	843	92.6453
b1233	459	80.3922
b1234	906	123.9514
b1235	1014	113.6095
b1236	909	176.3476
b1237	414	913.285
b1238	618	66.6667
b1241	2676	580.0822
b1242	648	77.7006
b1243	1632	217.4326
b1244	921	104.0717
b1245	909	134.0484
b1246	1014	116.9132
b1247	1005	117.0647
b1248	330	88.6364
b1249	1461	108.59
b4595	174	68.6782
b1250	1254	96.6906
b1251	297	153.7037
b1252	720	57.0833
b1253	399	67.7945
b1254	540	112.3148
b1255	744	102.8898
b1256	639	605.1643
b1257	507	68.6391
b1258	501	72.9541
b1259	180	36.6667
b1260	807	65.7993
b1261	1194	75.4606
b1262	1362	69.9706
b1263	1596	68.703
b1264	1563	78.5349
b1265	45	0.0
b1266	882	74.263
b1267	621	106.1192
b1268	1896	33.3333
b1269	876	117.6941
b1270	591	81.9797
b1271	759	99.0119
b1272	1050	134.8095
b1273	252	158.7302
b1274	2598	138.1255
b1275	975	112.4615
b4522	165	68.7879
b4523	168	71.4286
b1276	2676	107.0254
b1277	591	146.0237
b1278	765	97.6471
b1279	309	181.877
b1280	1170	118.4615
b1281	738	109.0108
b1282	327	86.0856
b1283	219	135.3881
b1284	750	122.8667
b4596	174	75.8621
b1285	1986	101.3343
b4672	105	28.5714
b1286	1935	111.9121
b1287	1128	75.7092
b1288	789	264.9556
b1289	354	31.2147
b1290	807	76.3941
b1291	993	92.6485
b1292	891	56.1728
b1293	966	71.8427
b1294	1644	83.6071
b1295	246	59.5528
b1296	1386	47.619
b1297	1419	33.1219
b1298	765	46.0784
b1299	558	52.0609
b1300	1488	39.3145
b1301	1281	25.1756
b1302	1266	34.0837
b1303	978	77.7607
b1304	669	146.1136
b1305	225	64.2222
b1306	360	96.5278
b1307	222	75.2252
b1308	315	451.9048
b1309	1680	68.0357
b1310	1293	66.0866
b1311	882	62.3583
b1312	843	73.962
b1313	1053	41.0731
b1314	789	65.1458
b1315	1056	74.9053
b1316	2268	78.1746
b1317	660	52.6515
b1319	906	62.4172
b1320	999	49.2492
b1321	1398	60.5508
b1322	1062	69.2561
b1323	1542	130.8042
b1324	507	314.7929
b1325	966	91.6667
b1326	729	93.0727
b1327	921	82.0304
b1328	900	105.9444
b1329	1614	104.6778
b1330	1032	87.4031
b1331	1017	0.0
b1332	258	145.3488
b1333	951	563.6698
b1334	753	257.9681
b1335	516	64.0504
b1336	1527	75.1473
b1337	1446	77.8008
b1338	1311	74.0275
b1339	909	75.1375
b1340	564	93.883
b1341	1233	91.9303
b1342	984	122.002
b1343	1374	74.0175
b1344	936	73.8248
b1345	1236	56.5534
b1346	216	26.1574
b1347	210	21.6667
b1348	195	20.0
b1349	810	52.963
b1350	2601	53.9408
b1351	276	29.1667
b4526	171	28.655
b1352	222	31.982
b1353	489	35.4806
b4527	156	24.6795
b1355	135	33.3333
b1356	477	0.0
b1357	297	0.0
b1358	423	19.5035
b1359	858	9.7902
b1360	747	38.8889
b4528	186	36.5591
b1363	1458	64.7805
b1365	264	27.6515
b1370	981	0.0
b1372	3363	17.6033
b1373	576	18.0556
b1374	591	0.0
b1375	234	0.0
b1376	435	1241.1494
b1377	1134	61.1993
b1378	3525	165.7872
b4529	267	211.0487
b1379	423	168.9125
b1380	990	108.2323
b1381	2640	82.0455
b1382	186	55.914
b1383	327	104.4343
b1384	906	47.0199
b1385	1500	62.3667
b1386	2274	55.1891
b1387	2046	49.4135
b1388	930	37.4731
b1389	288	37.3264
b1390	747	38.9558
b1391	498	58.6345
b1392	1071	36.6947
b1393	768	47.3958
b1394	789	32.0659
b1395	1428	51.3655
b1396	423	22.695
b1397	1206	40.1327
b1398	1314	39.4977
b1399	951	64.9317
b1400	591	55.4146
b4674	66	0.0
b1402	906	0.3311
b1403	366	0.0
b1404	1152	0.0
b1406	861	189.6051
b1407	2307	52.8609
b1408	606	40.3465
b1409	897	66.1093
b1410	1758	42.3493
b1411	1293	47.2158
b1412	606	88.7789
b1413	3903	75.5701
b1414	801	67.7903
b1415	1440	96.3542
b1418	531	59.2279
b1419	174	95.1149
b4428	150	146.3333
b1420	168	164.881
b1421	1641	76.1426
b1422	924	93.5065
b1423	1344	116.2946
b1424	1656	102.3853
b1426	225	838.4444
b1427	540	212.037
b1428	981	85.7288
b1429	993	101.9637
b1430	594	95.7912
b1431	669	102.3916
b1432	1149	191.2968
b1433	1176	75.5102
b1434	537	52.2346
b1435	1962	70.4383
b1436	231	66.6667
b4532	177	14.9718
b1438	417	25.5396
b1439	1407	76.5458
b1440	1146	60.7766
b1441	1014	64.645
b1442	942	80.414
b1443	795	68.4277
b1444	1425	89.2982
b4598	96	32.8125
b1445	174	39.3678
b1446	234	95.7265
b1447	450	79.6667
b1448	519	77.6493
b1449	1038	61.3198
b1450	666	46.0961
b1451	2103	66.5953
b1452	1062	52.7778
b1453	1500	84.1333
b1454	618	37.7023
b1455	213	14.7887
b1457	483	0.0
b1460	1137	49.2084
b1461	234	63.8889
b1462	570	58.1579
b1463	846	84.0426
b1464	894	64.2617
b1465	681	56.1674
b1466	696	41.8103
b1467	1545	62.2654
b1468	3741	71.7188
b1469	1389	65.4788
b1473	882	76.3605
b1474	3048	90.748
b1475	885	129.4915
b1476	654	132.8746
b1477	285	44.9123
b1478	1011	78.091
b1479	1698	123.881
b1480	138	79.3478
b1481	216	30.5556
b1482	432	139.4676
b1483	927	45.2535
b1484	987	49.8987
b1485	897	57.6366
b1486	1023	43.7928
b1487	1551	44.6486
b1488	582	50.1718
b1489	2400	86.75
b1490	1383	48.4454
b1491	1320	80.0758
b1492	1536	112.7279
b1493	1401	63.9186
b1494	2796	44.9928
b1495	2373	55.4572
b1496	1686	36.7141
b1497	1158	65.544
b1498	1683	172.0737
b1499	762	35.7612
b1500	198	14.1414
b1501	2280	83.0044
b1502	915	68.2514
b1503	504	82.6389
b1504	531	57.7213
b1507	1323	43.613
b1508	267	20.9738
b1511	1593	43.6911
b1512	954	42.7673
b1513	1536	52.3763
b1514	1029	57.6774
b1515	993	51.863
b1516	1023	68.2307
b1517	876	55.879
b1518	291	36.5979
b1519	759	73.5837
b1520	915	68.4153
b1521	1452	270.1791
b1522	948	79.4304
b1523	360	44.1667
b1524	927	73.0852
b1525	1389	58.6393
b1526	882	62.3016
b1527	1116	41.8011
b1528	1191	96.5995
b1529	666	93.2432
b1530	435	55.2874
b1531	384	76.5625
b1532	219	38.5845
b1533	900	108.5
b1534	1188	67.7609
b4599	96	40.625
b1535	891	76.8799
b1536	393	40.9669
b1537	519	26.1079
b1538	2046	91.3978
b1539	747	106.0241
b1540	687	130.4949
b1541	204	197.0588
b1542	1461	81.4168
b1544	234	0.0
b1545	591	0.0
b1546	576	24.6528
b1547	963	4.3094
b4533	234	0.0
b1549	411	0.0
b1550	174	0.0
b1551	156	0.0
b1552	213	0.0
b1553	498	0.0
b4689	255	0.0
b1554	534	0.0
b1555	312	0.0
b1556	216	2.5463
b1557	216	2.0833
b1558	213	0.0
b1559	753	0.0
b1560	1050	0.0
b1561	252	0.0
b1562	156	1.2821
b1563	288	0.0
b1564	240	0.0
b1565	306	0.0
b1566	333	0.0
b1569	231	0.0
b1570	408	0.0
b1571	156	0.0
b1572	129	0.0
b1573	219	0.0
b1575	189	0.0
b1576	192	0.0
b1580	1020	73.6765
b1581	1215	94.0329
b1582	327	109.633
b1583	342	142.5439
b1584	561	140.7308
b1585	711	101.8284
b1586	306	71.2418
b1587	2427	160.3832
b1588	2424	214.604
b1589	618	168.5275
b1590	855	199.7661
b1591	615	106.0976
b1592	1257	92.6014
b1593	696	355.2443
b1594	1221	165.561
b1595	894	86.2416
b1596	1254	134.3301
b1597	309	38.1877
b4601	84	26.1905
b1598	822	117.1533
b1599	330	80.303
b1600	366	86.612
b1601	1035	68.2126
b1602	1389	315.0468
b1603	1533	237.606
b1604	945	134.9735
b1605	1383	84.0564
b1606	723	73.444
b1607	336	60.119
b1608	720	82.9167
b1609	1302	80.6068
b1610	930	83.7097
b1611	1404	89.7436
b1612	1647	140.0729
b1613	1176	115.0935
b1614	1509	131.9085
b1615	1266	89.3365
b1616	1374	74.3086
b1617	1812	86.2307
b1618	591	145.1777
b1619	768	101.1719
b1620	1029	101.9922
b1621	1593	72.9755
b1622	1173	87.5107
b1623	1002	121.8064
b1624	1041	119.1162
b4409	126	37.6984
b1625	216	37.5
b1626	441	86.8481
b1627	582	82.0447
b1628	579	67.962
b1629	2223	69.0958
b1630	1059	82.0585
b1631	621	64.3317
b1632	696	69.6121
b1633	636	84.5126
b1634	1503	288.6893
b1635	606	238.3663
b1636	864	82.2338
b1637	1275	172.7451
b1638	657	95.5099
b1639	330	40.4545
b1640	1110	108.0631
b1641	468	474.6795
b1642	435	215.0575
b1643	237	36.7089
b1644	858	80.711
b1645	2013	95.4545
b1646	522	84.0996
b1647	897	140.7469
b1648	240	44.1667
b1649	600	50.8333
b1650	1098	86.4754
b1651	408	127.0833
b1652	648	58.642
b1653	4617	52.0468
b1654	348	171.9828
b1655	816	94.3627
b1656	582	1217.5258
b1657	1170	79.1026
b4602	90	26.1111
b1658	1026	77.4854
b1659	933	65.9164
b1660	1212	99.7112
b1661	1149	287.4674
b1662	642	104.2835
b1663	1374	107.46
b1664	1257	138.027
b1667	306	100.6536
b1668	1605	88.8474
b1669	813	125.3383
b1670	786	159.9873
b1671	669	127.6532
b1672	648	117.9012
b1673	2103	174.4888
b1674	627	156.9378
b1675	210	62.8571
b1676	1413	191.4367
b1677	237	1775.5274
b1678	1005	114.7264
b1679	417	45.3237
b1680	1221	88.9025
b1681	1272	72.8774
b1682	747	71.2182
b1683	1488	94.422
b1684	369	62.6016
b1685	189	73.8095
b1686	411	168.3698
b1687	3057	101.8973
b1688	1113	102.336
b1689	357	59.3838
b1690	1215	65.5967
b1691	1266	95.7741
b1692	867	79.0657
b1693	759	92.6877
b1694	1596	76.7544
b1695	1152	70.7031
b1696	912	73.136
b1697	765	63.268
b1698	939	81.2034
b1699	1290	70.6589
b1700	294	25.6803
b1701	1647	65.8166
b1702	2379	585.9815
b1703	834	88.0695
b1704	1047	70.1051
b1705	192	51.3021
b1706	1437	77.8706
b1707	714	85.6443
b1708	465	198.0645
b1709	750	92.2
b1710	552	100.5435
b1711	981	84.1998
b1712	300	742.1667
b1713	2388	197.1734
b1714	984	105.1321
b1715	45	0.0
b1716	357	1614.5658
b1717	198	1259.3434
b1718	543	1245.9484
b1719	1929	685.9772
b4535	108	53.2407
b1722	759	62.78
b1723	930	112.5806
b1724	291	72.1649
b1725	861	660.3949
b1726	537	107.7281
b1727	669	82.3617
b1728	591	51.269
b1729	1392	110.3807
b1730	804	22.5746
b1731	243	47.1193
b1732	2262	63.8152
b1733	750	46.8667
b1734	1353	88.4701
b1735	843	81.1981
b1736	351	68.5185
b1737	1359	77.5938
b1738	321	65.2648
b1739	339	187.1681
b1740	828	68.599
b1741	888	90.0338
b1742	576	67.4479
b1743	486	77.8807
b1744	969	75.129
b1745	1344	54.7247
b1746	1479	70.0473
b1747	1035	66.1836
b1748	1221	54.7502
b1749	807	70.1363
b1750	711	86.8495
b1751	678	106.0472
b1752	708	76.2006
b1753	549	45.6284
b1754	1167	52.4422
b1755	1536	44.5638
b1756	654	31.3456
b1757	1308	80.0076
b1758	621	45.5717
b1759	408	103.6765
b1760	273	57.6923
b1761	1344	101.8229
b1762	1041	46.3016
b1763	1962	99.3629
b1764	1044	174.1858
b1765	552	116.0326
b1766	1857	96.9844
b1767	1017	69.8132
b1768	642	71.3396
b1769	1359	43.5614
b1770	759	74.1765
b1771	981	68.7054
b1772	948	61.9726
b1773	837	57.1087
b1774	1044	52.1552
b1775	1380	67.2101
b1776	1077	68.0594
b1777	273	112.8205
b1778	414	131.401
b1779	996	1109.5382
b1780	885	113.1638
b1781	855	99.2398
b1782	747	94.5114
b1783	1935	217.5711
b1784	1284	118.4579
b1785	1476	79.0312
b1786	1491	66.5661
b1787	504	97.7183
b1788	105	43.3333
b1789	447	60.8501
b1790	822	79.4404
b1791	1182	68.9086
b1792	348	108.477
b1793	255	76.4706
b1794	1026	135.8187
b4676	99	30.303
b4675	75	30.6667
b1795	249	126.7068
b1796	183	37.4317
b1797	360	59.8611
b1798	639	84.9765
b1799	924	36.2554
b1800	1086	65.8379
b1801	1446	51.6252
b1802	1125	43.7778
b1803	966	44.6687
b1804	1128	76.2855
b1805	1686	93.6536
b1806	582	144.5876
b1807	696	64.727
b1808	1911	79.2779
b1809	345	83.6232
b1810	300	96.0
b1811	180	73.0556
b1812	1362	93.7225
b1813	579	51.5544
b1814	1365	194.1026
b1815	1599	89.3058
b1816	1557	143.5132
b1817	972	414.8663
b1818	801	450.2497
b1819	852	463.4977
b1820	459	67.1024
b1821	567	74.6914
b1822	810	67.7778
b1823	210	838.0952
b1824	144	697.5694
b1825	288	85.2431
b1826	144	58.6806
b4536	240	35.2083
b1827	792	188.5101
b1828	1374	90.3202
b1829	882	397.2222
b1830	2049	166.447
b1831	699	297.2103
b1832	498	121.4859
b1833	1284	107.0872
b1834	2634	96.8109
b1835	1440	87.6389
b1836	237	183.9662
b1837	192	89.0625
b1838	657	100.1522
b1839	342	110.0877
b1840	873	113.9175
b1841	375	111.7333
b1842	231	83.7662
b1843	657	80.2131
b1844	663	90.724
b1845	2061	83.6245
b1846	660	113.6364
b1847	357	150.4202
b1848	291	256.1856
b1849	1179	95.8863
b1850	642	438.3178
b1851	1812	183.0574
b1852	1476	96.0705
b1853	870	98.046
b1854	1443	270.7554
b1855	972	93.5185
b1856	1323	143.1973
b1857	933	96.3558
b1858	756	122.6852
b1859	786	108.5878
b1860	1011	78.1405
b1861	612	114.2974
b4677	66	10.6061
b1862	603	81.3433
b1863	522	72.1264
b1864	741	169.973
b1865	453	97.351
b1866	1773	190.4117
b1867	567	110.7584
b1868	819	76.6178
b1869	396	70.3283
b1870	744	65.793
b1871	972	53.7551
b1872	2430	74.6091
b1873	1101	48.1381
b1874	747	131.7269
b1875	567	84.5679
b1876	1734	112.7739
b1877	489	17.6892
b1878	393	47.7099
b1879	2079	82.8764
b1880	1149	84.5953
b1881	645	56.6667
b1882	390	95.641
b1883	1050	62.0476
b1884	861	55.4588
b1885	1602	38.9513
b1886	1662	71.2696
b1887	504	77.2817
b1888	1965	66.285
b1889	927	68.6084
b1890	888	67.286
b1891	579	147.6684
b1892	351	131.1966
b1893	504	0.0
b1894	276	0.0
b1895	429	109.2075
b1896	1425	101.5789
b1897	801	103.2459
b4460	987	242.2492
b1900	1515	256.6997
b1901	990	415.9091
b1902	504	391.6667
b4537	252	45.2381
b4663	87	21.8391
b1904	324	50.6173
b1905	498	318.5743
b1906	240	181.25
b1907	1212	90.3878
b1908	666	228.8288
b1912	549	173.224
b1913	1833	103.4643
b1914	657	161.035
b1915	225	54.2222
b1916	723	48.8243
b1917	753	68.6587
b1918	669	73.3931
b1919	987	100.8105
b1920	801	146.8789
b1921	552	80.5254
b1922	720	42.5694
b1923	1497	3.8744
b1924	1407	30.8102
b1925	411	44.5255
b1926	366	37.4317
b1927	1488	96.8078
b1928	414	83.0918
b1929	1206	72.471
b1930	234	50.641
b1931	669	50.8969
b1932	480	0.0
b1937	315	30.1587
b1938	1659	66.7269
b1939	996	41.9679
b1940	687	83.0422
b1941	1374	58.952
b1942	444	61.4865
b1943	1128	68.5727
b1944	465	52.1505
b1945	1005	57.7114
b1946	414	53.1401
b1947	366	41.9399
b1948	738	56.7073
b1949	270	73.8889
b1950	786	50.7634
b1951	624	35.0962
b1952	189	50.0
b1953	228	124.1228
b1955	816	69.9755
b1956	1695	92.0354
b1957	183	83.6066
b1958	918	75.7625
b1959	921	91.0423
b1960	471	52.2293
b1961	1419	66.2791
b1962	696	50.2874
b1963	366	47.2678
b1967	852	201.9953
b1968	1359	74.3929
b1969	672	101.8601
b1970	414	40.7005
b1971	1005	68.3582
b1972	636	60.7704
b1973	651	39.2473
b1974	531	55.0847
b1976	798	224.3108
b1978	7077	45.7609
b1981	1317	65.7935
b1982	1455	94.9485
b1983	717	97.3501
b1985	1488	122.8495
b1987	951	51.8927
b1988	918	58.4423
b1990	933	112.2186
b1991	1080	127.3148
b1992	744	93.8172
b1993	546	89.3773
b1994	1017	0.0
b1996	906	0.3311
b1997	366	0.0
b2000	3120	23.7019
b2001	1533	30.7241
b2002	447	97.9866
b2003	222	60.8108
b2004	369	40.9214
b2005	375	10.9333
b2007	330	218.1818
b2008	1059	102.2191
b2009	474	189.346
b2010	1167	79.0917
b2011	1428	141.6667
b2012	228	29.1667
b2013	1059	54.3437
b2014	1359	108.2781
b4678	63	25.3968
b2015	930	92.5806
b2016	825	218.303
b4539	255	101.5686
b2017	252	133.9286
b2018	51	1.9608
b2019	900	68.3889
b2020	1305	52.1073
b2021	1071	69.888
b2022	1068	72.8464
b2023	591	57.5296
b2024	738	88.6856
b2025	777	78.1853
b2026	612	76.634
b2027	981	22.2222
b2028	1167	35.6898
b2029	1407	98.5785
b2030	1017	0.0
b2032	1119	0.0
b2033	591	0.0
b2034	993	0.0
b2035	1167	0.0
b2036	1104	0.0
b2037	1248	0.0
b2038	558	0.0
b2039	882	0.0
b2040	900	0.0
b2041	1086	0.0
b2042	894	52.6286
b2043	1395	41.8638
b2044	1221	37.5512
b2045	1281	42.623
b2046	1479	66.7343
b2047	1395	61.2186
b2048	1371	91.5755
b2049	1437	63.5699
b2050	1224	33.2516
b2051	480	37.6042
b2052	966	55.9524
b2053	1122	59.0018
b2054	549	46.9945
b2055	747	55.8902
b2056	1218	60.7143
b2057	1218	59.9754
b2058	489	62.2699
b2059	840	71.8452
b2060	2163	69.6024
b2061	444	55.518
b2062	1140	67.5
b2063	1584	110.2588
b2064	1854	122.3031
b2065	582	125.2577
b2066	642	85.0467
b2067	3318	92.9626
b2068	849	85.159
b2069	1353	58.0931
b2070	1947	49.7689
b2071	462	46.645
b2072	762	53.2808
b2073	660	63.7121
b4667	60	7.5
b4668	57	7.0175
b2074	1248	50.4006
b2075	3123	65.4499
b2076	3078	52.7453
b2077	1416	85.0989
b2078	1404	38.2835
b2079	723	87.8976
b2080	333	226.7267
b2081	1362	86.7107
b2082	219	37.8995
b2085	318	44.0252
b2086	900	72.9444
b2088	300	17.0
b2089	867	27.2203
b2091	1041	69.3564
b2093	285	43.6842
b2094	453	63.9073
b2095	1263	76.5241
b2096	855	62.924
b2097	1053	158.452
b2098	1278	93.1534
b2099	1005	67.3632
b2100	966	77.9503
b2101	747	86.8809
b2102	819	70.1465
b2103	801	78.7141
b2104	789	52.9785
b2105	273	70.5128
b2106	825	66.6061
b2107	339	45.8702
b2108	1035	68.599
b2109	2481	91.9186
b2110	720	38.125
b2111	543	69.2449
b2112	282	44.3262
b2113	1110	215.6757
b2114	2034	97.296
b2118	3633	78.131
b4541	318	39.6226
b2119	1089	62.6722
b2120	2280	59.5833
b2121	1137	59.1029
b2123	462	58.2251
b2124	471	129.9363
b2125	720	143.125
b2126	1686	107.5326
b2127	732	98.429
b4542	108	42.1296
b2128	732	64.071
b2129	927	66.7206
b2130	1158	72.4957
b2131	918	55.8824
b2132	2298	93.7772
b2133	1716	162.4709
b2134	933	80.5466
b2135	588	92.2619
b2136	579	104.9223
b2137	762	55.9711
b4679	84	22.0238
b2140	948	92.0359
b2141	399	176.5664
b2142	696	111.4224
b2143	885	115.8757
b2144	720	71.8056
b2145	240	38.5417
b2146	1239	278.4907
b2147	1236	309.021
b2148	1011	109.4955
b2149	1521	65.3846
b2150	999	173.023
b2151	1041	97.4063
b2152	1158	83.6788
b2153	669	129.5964
b2154	837	106.0932
b2155	1992	111.3203
b2156	1470	121.8707
b2157	882	104.1383
b2158	1050	207.381
b2159	858	76.8648
b2160	1089	13.1772
b2161	1251	36.9704
b2162	942	65.7113
b2163	660	57.2727
b2164	1251	53.6771
b2165	939	45.3674
b2166	942	42.8875
b2167	1692	142.5532
b2168	939	148.0298
b2169	1131	69.8055
b2170	1182	75.0846
b4502	255	74.5098
b2171	573	96.1606
b2172	1467	117.4847
b2173	987	70.1114
b2174	714	81.0924
b2175	567	221.164
b2176	1557	70.9698
b2177	1815	87.6309
b2178	1095	75.1598
b2179	1026	121.8324
b2180	1590	91.6352
b2181	345	196.6667
b2182	1191	91.0999
b2183	696	88.2902
b2184	1761	94.3782
b2185	285	285.0877
b2186	1008	104.5139
b2187	228	87.2807
b2188	1761	106.7859
b2192	1017	0.0
b2193	648	97.4537
b2194	1053	120.038
b2195	558	122.1326
b2196	1944	109.8765
b2197	480	134.7917
b2198	210	90.2381
b2199	738	118.2249
b2200	663	92.4585
b2201	624	184.2949
b2202	603	131.675
b2203	450	95.8889
b2204	864	121.8171
b2205	696	111.2069
b2206	2487	146.0796
b2207	264	82.197
b2208	495	143.7374
b2209	489	80.6748
b2210	1647	70.1882
b2211	1644	75.2433
b2212	651	89.1705
b2213	1065	80.4695
b2214	1056	72.3011
b2215	1104	1636.1413
b2216	2673	124.523
b2217	651	265.8218
b2218	2850	89.3333
b2219	1827	57.0334
b2220	1386	43.1818
b2221	663	80.3167
b2222	651	62.8264
b2223	1323	73.7717
b2224	1185	54.5992
b2225	777	73.2947
b2226	1650	72.2424
b2229	624	76.6827
b2230	1689	67.3179
b2231	2628	140.5251
b2232	723	80.5671
b2233	3753	52.478
b2234	2286	84.8206
b2235	1131	113.1742
b2236	255	68.4314
b2237	651	151.9201
b2239	1077	174.6054
b2240	1359	142.6784
b2241	1629	95.4266
b2242	1260	60.2778
b2243	1191	82.1998
b2244	900	64.2778
b2245	804	56.2811
b2246	1290	36.4729
b2247	1206	49.9171
b2248	783	38.1226
b2249	1203	114.6717
b2250	543	65.1013
b2251	426	92.3709
b2252	603	54.9751
b2253	1140	93.5088
b2254	969	107.4819
b2255	1983	85.0731
b2256	891	64.3659
b2257	1653	108.4392
b4544	336	93.8988
b2258	387	120.801
b2259	267	89.5131
b2260	1356	74.7788
b2261	963	86.9159
b2262	858	101.9814
b2263	759	81.6206
b2264	1671	88.0012
b2265	1296	92.9012
b2266	306	191.1765
b2267	462	68.5065
b2268	918	58.2789
b2269	1212	32.0132
b2270	1728	28.9352
b2271	972	55.4012
b2272	504	73.0159
b2273	717	0.0
b2274	423	0.0
b2275	849	0.0
b2276	1458	204.1152
b2277	1530	146.9281
b2278	1842	185.4235
b2279	303	126.0726
b2280	555	227.7477
b2281	543	166.4825
b2282	978	181.7485
b2283	2727	173.4507
b2284	1338	126.3453
b2285	501	133.5329
b2286	1791	156.1418
b2287	663	265.6863
b2288	444	229.2793
b2289	939	670.1278
b2290	1218	359.3186
b2291	600	94.0
b2292	1833	173.186
b2293	651	140.4762
b2294	495	148.3838
b2295	456	200.3289
b2296	1203	421.3633
b2297	2145	263.7296
b2298	1521	77.6134
b2299	543	135.267
b2300	555	103.2432
b2301	645	73.1008
b2302	648	65.2778
b2303	363	118.1818
b2304	894	139.5414
b2305	891	30.5836
b2306	774	96.7054
b2307	717	93.0962
b2308	687	120.8879
b2309	783	186.5262
b2310	783	46.9349
b2311	570	74.6491
b2312	1518	113.8999
b2313	489	143.3538
b2314	663	146.9834
b2315	1269	100.6698
b2316	915	191.0929
b2317	660	75.6061
b2318	813	83.8253
b2319	1014	116.2722
b2320	1137	109.1909
b2321	996	111.245
b2322	1179	66.4546
b2323	1221	179.1155
b2324	2007	75.9342
b2325	279	73.6559
b2326	549	90.8925
b2327	810	90.679
b2328	825	69.2727
b2329	1086	66.5285
b2330	933	104.8767
b2331	552	88.1341
b2332	822	0.0
b2333	540	0.463
b2334	489	0.0
b2335	513	0.0
b2336	753	0.3984
b2339	564	21.0993
b2340	486	270.1646
b2341	2145	98.4149
b2342	1311	70.328
b2343	285	250.0
b2344	1341	81.3572
b2345	1059	14.1643
b2346	756	198.6772
b2347	933	97.3741
b2349	1158	41.0622
b2350	363	0.0
b2351	921	0.0
b2352	1332	0.0
b2354	441	0.0
b2357	495	0.0
b2359	363	0.0
b2360	825	0.0
b2361	537	0.0
b2362	363	0.0
b2363	306	0.0
b4501	201	39.0547
b2364	936	81.9444
b2365	1338	120.852
b2366	1329	115.0865
b2367	1539	59.4542
b2368	1164	58.8058
b2369	615	84.878
b2370	3594	69.5604
b2371	1146	85.6457
b2372	945	84.6032
b2373	1695	64.0413
b2374	1251	69.3845
b2375	636	72.6415
b2376	276	45.1087
b2377	243	166.4609
b2378	921	185.7763
b4680	72	23.6111
b2379	1239	102.8652
b2380	1698	76.384
b2381	735	78.4354
b2382	858	69.0559
b2383	2496	66.7067
b2384	1038	51.7341
b2385	1086	40.5157
b2386	1248	63.0208
b2387	327	39.7554
b2388	966	173.5507
b2389	1257	94.0334
b2390	327	48.9297
b2392	1239	94.431
b2393	1203	205.4032
b2394	1113	0.0
b2395	2190	110.0457
b2398	345	175.6522
b2399	393	150.1272
b2400	1416	130.226
b2405	885	42.7684
b2406	1257	41.5274
b2407	834	23.3813
b2408	765	11.7647
b2409	927	81.4995
b2410	999	134.0841
b4546	219	90.411
b2411	2016	107.1677
b2412	987	232.4215
b2413	762	110.7612
b2414	972	97.7366
b2415	258	367.8295
b2416	1728	371.4699
b2417	510	707.549
b2418	852	93.3685
b2419	375	62.2667
b2420	735	0.0
b2421	912	78.8925
b2422	1098	43.898
b2423	876	60.7877
b2424	834	62.3501
b2425	1017	70.1573
b2426	792	369.7601
b2427	858	43.4732
b2428	897	73.9688
b2429	1425	76.7018
b2430	1305	41.6858
b2431	900	145.3333
b2432	576	78.0382
b2433	450	99.8889
b2434	426	126.6432
b2435	870	74.4253
b2436	900	72.0556
b2437	1053	95.5366
b2438	501	110.5788
b2439	660	71.2121
b2440	888	118.4122
b2441	1362	118.3921
b2442	1209	0.0
b2443	642	0.0
b2444	246	0.0
b2445	369	0.0
b2446	417	0.0
b2447	594	0.0
b2448	378	0.0
b2449	393	0.0
b2450	810	0.0
b2451	1404	64.4231
b2452	1227	129.6659
b2453	1188	70.5808
b2454	837	104.0621
b2455	1404	81.5171
b2456	288	72.0486
b2457	294	146.9388
b2458	1017	90.3147
b2459	804	118.2836
b2460	702	124.4302
b2461	480	166.875
b2462	336	95.8333
b2463	2280	232.3246
b2464	951	131.2829
b2465	2004	112.9491
b2466	1044	70.4502
b2467	576	80.9896
b2468	1980	86.7424
b2469	1701	91.0053
b2470	3114	72.8966
b4606	60	24.1667
b2471	357	82.7731
b2472	1128	127.0833
b4547	201	120.6468
b2473	699	105.1502
b2474	2016	77.6786
b2475	864	157.3495
b2476	714	158.3333
b2477	1035	347.5845
b2478	879	301.2514
b2479	573	131.5881
b2480	471	165.8174
b2481	618	31.7961
b2482	2019	46.1367
b2483	948	49.1561
b2484	1440	58.0208
b2485	651	48.6943
b2486	1581	43.7381
b2487	1668	49.1906
b2488	546	30.4029
b2489	759	38.0764
b2490	414	56.8841
b2491	2013	55.9861
b2492	849	62.7208
b2493	1062	116.2429
b2494	1464	100.3757
b2495	360	117.7778
b2496	702	158.7607
b2497	1290	93.7209
b2498	627	187.1611
b2499	1038	144.605
b2500	639	121.9875
b2501	2067	132.7528
b2502	1542	107.1012
b2503	2244	89.3939
b2504	192	72.9167
b2505	519	45.5684
b2506	540	51.5741
b2507	1578	145.3422
b2508	1467	113.4628
b2509	1371	59.4092
b2510	216	31.0185
b2511	1473	126.6124
b2512	1179	210.3053
b2513	621	173.752
b2514	1275	164.902
b2515	1119	215.0581
b2516	1014	150.8383
b2517	1155	99.697
b2518	432	65.0463
b2519	2313	76.1997
b2520	4962	137.2834
b2521	846	209.2199
b2522	777	67.2458
b2523	1284	127.1028
b2524	201	79.3532
b2525	336	101.4881
b2526	1851	90.6537
b2527	516	64.1473
b2528	324	259.4136
b2529	387	186.6925
b2530	1215	145.5967
b2531	489	108.998
b2532	741	228.6775
b2533	804	142.8483
b2534	855	72.5146
b2535	1281	103.5519
b2536	1140	104.6491
b2537	891	47.2503
b4706	66	12.1212
b2538	1362	52.2761
b2539	519	31.9846
b2540	321	37.3832
b2541	813	43.7269
b2542	1203	42.2278
b2543	423	52.0095
b2544	873	82.9897
b2545	1062	74.435
b2546	999	67.5175
b2547	1512	76.2235
b2548	984	68.5467
b2549	3282	82.206
b2550	1194	68.4255
b2551	1254	288.6762
b2552	1191	102.9387
b2553	339	129.7935
b2554	1335	82.6217
b2555	714	89.5658
b2556	1428	89.3207
b2557	3888	134.4779
b2558	1557	94.7656
b2559	504	79.5635
b2560	636	84.5912
b2561	849	84.629
b2562	261	49.0421
b4687	81	18.5185
b2563	381	62.4672
b2564	732	95.0137
b2565	729	99.7942
b2566	906	157.7815
b2567	681	163.6564
b2568	975	116.5641
b2569	1800	125.0556
b2570	480	129.6875
b2571	957	195.768
b2572	651	676.3441
b2573	576	383.3333
b2574	1623	92.2982
b2575	738	105.6233
b2576	1335	93.2584
b2577	882	75.9637
b2578	588	99.1497
b2579	384	1677.474
b2580	690	72.8261
b2581	1038	100.2408
b2582	420	92.9762
b2583	699	86.6237
b2584	2661	188.2563
b2585	1356	231.1578
b2586	324	92.7469
b2587	1299	95.0346
b2592	2574	362.8399
b2593	732	76.9126
b2594	981	80.3772
b2595	738	185.5691
b2597	342	1888.1579
b2598	48	1.0417
b2599	1161	133.764
b2600	1122	122.3708
b2601	1071	89.8226
b2602	366	70.4918
b2603	519	105.0096
b2604	1227	87.9788
b2605	483	73.913
b2606	348	518.3908
b2607	768	555.7943
b2608	549	734.3352
b2609	249	302.2088
b2610	1362	180.9838
b2611	792	87.4369
b4461	1287	90.5983
b2614	594	295.5387
b2615	879	91.1263
b2616	1662	221.5704
b2617	342	298.8304
b2618	291	107.9038
b2619	477	119.392
b2620	483	128.1573
b2622	1242	25.3221
b2623	957	0.0
b2624	213	0.0
b2625	1410	0.0
b2626	627	0.0
b2627	2190	0.0
b2628	1617	0.0
b2629	264	0.0
b2630	1074	0.0
b2631	372	0.0
b2632	864	4.6875
b2633	822	2.1898
b2634	702	0.0
b2635	237	0.0
b2636	444	0.0
b2637	468	0.0
b2642	1704	0.0
b2643	459	2.2876
b2644	483	0.1035
b4548	201	4.7264
b2645	318	0.0
b2646	330	4.697
b2647	4581	2.8269
b2659	978	50.8691
b2660	1269	60.4019
b2661	1449	58.7992
b2662	1281	56.9867
b2663	1401	67.1306
b2664	663	87.1795
b2665	450	226.8889
b2666	159	53.4591
b2667	300	51.8333
b2668	525	80.381
b2669	405	50.9877
b2670	450	259.3333
b2671	345	77.3913
b2672	330	125.6061
b2673	246	42.2764
b2674	411	45.2555
b2675	2145	69.5105
b2676	960	60.4688
b2677	1203	62.2195
b2678	1065	59.1549
b2679	993	64.4512
b2682	738	121.6802
b2683	336	59.8214
b2684	531	127.7778
b2685	1173	70.8014
b2686	1539	83.2359
b2687	516	254.7481
b2688	1557	164.1618
b2689	429	109.5571
b2690	567	97.1781
b2696	186	231.1828
b2697	2631	199.6769
b2698	501	63.4731
b2699	1062	522.3635
b2700	498	62.4498
b2701	1086	72.4217
b2702	564	127.5709
b2703	960	136.7188
b2704	372	66.3978
b2705	780	172.3077
b2706	360	65.1389
b2707	774	100.1292
b2708	966	73.2919
b2709	1515	82.6733
b2710	1440	77.9514
b2711	1134	62.7866
b2712	2253	102.7297
b2713	528	62.3106
b2714	1011	55.0445
b2715	1458	42.1811
b2716	1425	49.0175
b2717	471	95.3291
b2718	411	71.5328
b2719	768	45.7031
b2720	543	61.418
b2721	1710	75.5848
b2722	924	85.0108
b2723	1827	65.4351
b2724	612	43.4641
b2725	462	47.8355
b2726	351	90.8832
b2727	873	202.9782
b2728	273	112.0879
b2729	1122	152.0945
b2730	1011	124.184
b2731	2079	99.543
b2732	354	95.4802
b2733	2562	55.0156
b2734	657	53.0441
b2735	768	113.2161
b2736	909	103.8504
b2737	1167	102.9135
b2738	639	95.7746
b2739	777	108.6873
b2740	1365	105.0183
b2741	993	643.1521
b2742	1140	325.5702
b2743	627	142.9825
b2744	762	153.2808
b2745	1050	153.0
b2746	480	76.1458
b2747	711	95.3586
b2748	312	129.0064
b2749	324	49.6914
b2750	606	48.8449
b2751	1428	65.2661
b2752	909	51.3751
b2753	1038	79.6724
b2754	285	0.0
b2755	918	0.0
b2756	600	0.0
b2757	675	0.0
b2758	1092	0.0
b2759	483	0.0
b2760	1509	0.0
b2761	2667	0.0
b2762	735	64.0136
b2763	1713	75.4232
b2764	1800	58.1944
b2765	366	57.1038
b2766	1272	111.8711
b2767	261	48.8506
b2768	576	83.2465
b2769	861	72.8223
b2770	780	69.359
b2771	1338	74.4021
b4463	1455	53.3333
b2774	786	58.9695
b2775	1278	84.3114
b2776	1479	81.9473
b2777	672	118.8244
b4682	141	20.922
b2778	873	57.2165
b2779	1299	637.7983
b2780	1638	238.8889
b2781	792	125.5051
b2782	336	141.2202
b2783	249	101.8072
b2784	2235	137.3826
b2785	1302	111.7512
b2786	2757	101.741
b2787	1341	213.7957
b2788	1341	133.1842
b2789	1353	209.83
b2790	450	120.8889
b2791	783	68.8378
b2792	330	46.8182
b2793	546	122.3443
b2794	849	111.6608
b2795	1365	239.9267
b2796	1290	124.4961
b2797	1368	73.5746
b2798	756	70.2381
b2799	1149	474.1514
b2800	648	113.5802
b2801	1317	105.5049
b2802	1776	127.2241
b2803	1419	104.3693
b2804	423	155.792
b2805	732	92.1448
b2806	1101	112.2162
b2807	396	106.4394
b2808	918	116.3943
b2809	228	48.0263
b2810	1206	113.1426
b2811	444	79.6171
b2812	807	91.3259
b2813	1098	133.4244
b2817	1254	78.1499
b2818	1332	103.4159
b2819	1827	91.5435
b2820	3543	92.2523
b2821	2889	88.5081
b2822	3369	98.4862
b2823	324	95.216
b2824	408	60.6618
b2825	564	126.6844
b2826	471	95.2229
b2827	795	91.8868
b2828	876	108.1621
b2829	2247	140.0979
b2830	531	219.209
b2831	690	91.7391
b2832	714	98.8095
b2833	219	121.9178
b2834	1041	93.4198
b2835	1194	137.2697
b2836	2160	66.4815
b2837	1032	101.3566
b2838	1263	83.1354
b2839	936	107.265
b2840	693	111.4719
b2841	1419	83.6152
b2842	762	253.2152
b2843	837	292.055
b2844	1182	93.2318
b2845	1230	75.0407
b2846	633	26.1453
b2847	810	29.321
b2848	483	16.9772
b4683	81	4.9383
b2849	426	12.7934
b2851	492	23.2724
b2852	1377	15.9405
b2853	219	12.1005
b2860	906	0.1656
b2861	366	0.0
b2865	756	105.6217
b2866	2259	255.4892
b2867	879	121.5586
b2868	480	152.3958
b2869	1779	289.4885
b2870	1191	567.2124
b2871	1197	327.1512
b2872	1212	399.3399
b2873	1386	131.6378
b2874	933	178.4566
b2875	1626	437.8536
b2876	771	271.4656
b2877	579	149.1364
b2878	3099	408.4059
b2879	1329	282.6561
b2880	780	287.2436
b2881	2871	322.0132
b2882	1401	129.6217
b2883	1320	208.3712
b4464	1368	165.5702
b2886	489	111.4519
b2887	1920	123.3333
b2888	1449	238.3368
b4684	126	69.4444
b2889	549	95.9927
b2890	1518	174.1107
b2891	1098	187.3862
b2892	1734	107.1223
b2893	711	114.9789
b2894	897	136.2876
b2895	522	152.4904
b2896	408	165.6863
b2897	267	226.5918
b2898	981	124.6687
b2899	660	140.0758
b2900	312	89.2628
b2901	1440	106.8403
b2902	744	54.9059
b2903	2874	215.849
b2904	390	303.0769
b2905	1095	283.79
b2906	1203	112.7182
b2907	1179	110.8142
b2908	1326	149.2081
b2909	579	161.1399
b2910	330	195.0
b2912	549	117.3953
b4665	60	13.3333
b2913	1233	123.4388
b2914	660	197.2727
b2916	894	97.7069
b2917	2145	81.2821
b2918	996	71.988
b2919	786	38.7405
b2920	1479	56.0176
b2921	897	103.456
b2922	741	132.1188
b2923	636	76.9654
b2924	861	127.2358
b2925	1080	413.4722
b2926	1164	400.0859
b2927	1020	149.5098
b2928	714	35.5042
b2929	510	81.4706
b2930	966	64.1304
b4465	1278	69.7966
b2933	1389	107.2714
b2934	444	59.9099
b2935	1992	304.5432
b2936	759	103.6232
b2937	921	96.3626
b2938	1977	149.0389
b2939	132	40.5303
b2940	216	108.1019
b2942	1155	102.1212
b2943	1395	108.9247
b2944	498	65.5622
b2945	708	61.5113
b2946	732	102.2541
b2947	951	122.2397
b2948	564	103.9894
b2949	417	51.6787
b2950	981	67.0744
b2951	705	73.5461
b2952	567	112.963
b2953	291	82.4742
b2954	594	77.9461
b2955	1137	69.0853
b2956	1008	79.4643
b2957	1047	1005.5874
b2958	720	100.4861
b2959	327	183.6391
b2960	720	120.0694
b2961	1053	80.5793
b2962	276	67.2101
b2963	1080	108.1944
b2964	1257	218.6953
b2965	2136	97.2144
b2966	708	146.0452
b2968	537	50.0
b2971	411	49.1484
b2972	810	43.5802
b4466	4563	55.9719
b2975	1683	92.6322
b2976	2172	103.1768
b2977	405	82.8395
b4467	1224	73.4477
b4468	1053	66.2393
b2979	1500	80.4667
b2980	765	87.0588
b2982	1017	0.0
b2983	1068	60.5337
b2984	759	62.9117
b2985	714	62.0448
b2986	693	76.3348
b2987	1500	83.4333
b2988	1860	153.0914
b2989	867	128.143
b2990	249	128.9157
b2991	342	136.6959
b2992	489	254.499
b2993	495	318.2828
b2994	1704	433.8615
b2995	1179	357.9729
b2996	987	373.0496
b2997	1119	500.134
b2998	288	66.1458
b3001	1041	282.4688
b3002	495	165.2525
b3003	885	86.3277
b3005	426	75.3521
b3006	735	104.6259
b3008	1188	86.3215
b3009	660	128.7879
b3010	957	63.5319
b3011	1164	374.3127
b3012	828	235.8092
b3013	927	81.931
b3014	258	67.6357
b4469	2220	90.9459
b3017	1413	115.5697
b3018	738	67.4797
b3019	2259	88.4241
b3020	1608	41.1692
b3021	396	0.0
b3022	297	0.0
b3023	483	76.501
b3024	393	243.6387
b3025	660	99.3939
b3026	1350	73.6296
b3027	333	31.3814
b3028	582	76.1168
b3029	315	272.0635
b3030	1893	112.916
b3031	582	149.5704
b3032	828	293.5386
b3033	423	149.8818
b3034	630	131.9841
b3035	1482	190.2159
b3037	672	217.4851
b3038	1161	224.677
b3039	789	76.8695
b3040	774	144.2506
b3041	654	238.9144
b3042	291	147.2509
b3043	552	22.192
b3044	366	0.0
b3045	906	0.2759
b3047	750	24.7333
b3048	1065	22.77
b3049	201	632.8358
b3050	630	73.7302
b3051	1662	55.8063
b4664	60	10.8333
b4666	60	10.8333
b3052	1434	91.9456
b3053	2841	99.2784
b3054	1302	74.808
b3055	621	99.3559
b3056	1239	130.9524
b3057	822	112.9562
b3058	369	83.8753
b3059	618	114.0777
b3060	933	97.5884
b3061	912	70.7785
b3062	606	54.4554
b3063	1464	87.056
b3064	1014	92.4556
b3065	216	222.6852
b3066	1746	131.4719
b3067	1842	317.9425
b3068	507	124.359
b3070	765	45.2288
b3071	624	65.7853
b3072	1521	111.144
b3073	1380	106.0145
b3074	333	123.8739
b3075	984	116.7683
b3076	3093	85.2247
b3077	450	54.5556
b3078	1434	90.8298
b3079	1071	103.268
b3080	2352	69.4728
b3081	2019	87.8405
b3082	417	111.5108
b3083	315	7.3016
b3084	1137	100.3078
b3085	504	96.2302
b3086	693	58.2251
b3087	987	208.612
b3088	966	118.2712
b3089	1245	145.9839
b3090	552	86.8659
b3091	1488	357.3589
b3092	1413	379.1224
b3093	1299	535.4503
b3094	777	185.3925
b3095	663	166.9683
b3096	384	124.4792
b3097	369	346.8835
b3098	306	283.0065
b3099	405	340.8642
b3100	300	265.5
b3101	393	69.2112
b3102	987	59.1185
b3103	366	107.7869
b3104	357	8.4034
b3105	897	95.039
b3106	702	94.6581
b3107	165	42.1212
b4470	1311	187.1091
b3110	1332	213.0631
b4471	1365	279.5238
b3113	390	454.7436
b3114	2295	386.9281
b3115	1209	494.7891
b3116	1332	914.9775
b3117	990	848.2828
b3118	939	641.7465
b3119	219	27.6256
b3120	540	34.1667
b3121	1188	17.803
b3124	1146	176.1344
b3125	885	263.6158
b3126	771	159.987
b3127	1335	142.5468
b3128	1572	127.3537
b3129	336	115.625
b3130	465	150.1075
b3131	810	86.5432
b3132	1281	66.2373
b3133	474	43.2489
b3136	1155	64.8918
b3137	861	55.7491
b3138	477	80.0839
b3139	804	49.0672
b3140	792	56.8813
b3141	756	92.328
b3142	585	24.359
b3143	696	52.9454
b3144	2517	49.563
b3145	1092	45.7875
b3146	861	104.5877
b3147	2037	117.7467
b3148	396	114.3939
b3149	591	159.3909
b3150	576	145.5729
b3151	1041	138.7128
b3152	636	76.1792
b3153	519	96.0501
b3154	444	90.991
b3155	303	108.9109
b3156	504	404.2659
b3157	525	536.6667
b3158	996	97.741
b3159	879	126.1661
b3160	1008	55.6548
b3161	1245	89.5582
b3162	1890	202.4868
b4685	81	70.3704
b3163	885	869.4915
b3164	2136	318.3287
b3165	270	421.6667
b3166	945	118.6772
b3167	402	144.1542
b3168	2673	280.5836
b3169	1488	222.7823
b3170	453	222.5166
b3172	1344	126.6369
b3173	1626	77.9213
b3175	333	304.0541
b3176	1338	132.2123
b3177	849	92.8151
b3178	1935	467.3902
b3179	630	335.5556
b3180	294	186.7347
b3181	477	115.7233
b3182	1434	116.8061
b3183	1173	160.7417
b3184	966	98.7578
b3185	258	335.0775
b3186	312	508.1731
b3187	972	160.6996
b3188	279	106.4516
b3189	1260	139.4444
b3190	255	71.1765
b3191	294	98.9796
b3192	636	155.1101
b3193	552	154.529
b3194	783	208.3014
b3195	810	143.0247
b3196	978	91.0532
b3197	987	126.1398
b3198	567	149.7354
b3199	576	127.691
b3200	558	182.3477
b3201	726	136.0193
b3202	1434	184.6583
b3203	288	355.7292
b3204	492	115.6504
b3205	855	121.5205
b3206	273	70.3297
b3207	633	188.3886
b3208	729	140.3292
b3209	654	175.3058
b3210	2337	154.1292
b3211	930	106.6129
b3212	4461	82.8065
b3213	1419	92.7766
b3214	765	0.0
b3215	675	0.0
b3216	2382	0.0
b3218	1017	0.0
b3219	717	0.0
b3220	1128	81.2943
b3221	465	128.8172
b3222	876	101.5411
b3223	690	125.6522
b3224	1491	132.9645
b3225	894	191.9463
b3226	792	117.0455
b3227	1368	105.2997
b3228	498	242.4699
b3229	639	308.6072
b3230	393	701.2723
b3231	429	603.6131
b3232	1128	103.2801
b3233	399	198.1203
b3234	1368	86.6594
b3235	1068	76.5449
b3236	939	397.8168
b3237	471	238.8535
b3238	264	140.7197
b3239	273	56.7766
b3240	1968	99.3648
b3241	933	80.6002
b3242	204	96.8137
b3243	930	102.957
b3244	1446	135.7538
b4472	3801	106.2352
b3247	1470	125.6463
b3248	594	114.3939
b3249	489	95.7055
b3250	1104	94.7917
b3251	1044	176.2452
b3252	1941	116.8212
b3253	975	147.1795
b3255	471	288.8535
b3256	1350	238.8148
b3257	243	50.4115
b3258	1452	83.6777
b3259	882	93.8209
b3260	966	346.0663
b3261	297	303.7037
b3262	885	91.8079
b3263	180	69.1667
b3264	663	92.6848
b3265	1158	75.4318
b3266	3105	87.8583
b3267	222	33.3333
b3269	1182	75.1692
b3270	1104	73.596
b3271	759	93.4124
b3279	555	156.9369
b3280	258	132.9457
b3281	819	142.2466
b3282	573	141.3613
b3283	543	276.7956
b3284	474	407.9114
b4473	1125	127.6444
b3287	510	343.7255
b3288	948	199.4198
b3289	1290	70.5814
b3290	1377	130.5374
b3291	411	201.8248
b4550	219	97.032
b3292	426	124.4131
b3293	369	134.0108
b3294	384	930.9896
b3295	990	1534.8485
b3296	621	1442.029
b3297	390	1347.8205
b3298	357	1257.9832
b3299	117	588.8889
b3300	1332	1660.548
b3301	435	1749.4253
b3302	180	996.6667
b3303	504	1289.4841
b3304	354	1178.5311
b3305	534	1204.7753
b3306	393	994.1476
b3307	306	1165.1961
b3308	540	1553.7963
b3309	315	1219.3651
b3310	372	1101.6129
b3311	255	779.4118
b3312	192	1054.9479
b3313	411	1139.781
b3314	702	1097.7208
b3315	333	902.2523
b3316	279	802.1505
b3317	822	942.8224
b3318	303	970.6271
b3319	606	971.6997
b3320	630	1151.5873
b3321	312	741.3462
b3322	420	38.9286
b3323	1470	62.3469
b3324	816	29.9632
b3325	1953	43.7788
b3326	1482	30.8367
b3327	1197	52.4645
b3328	438	28.8813
b3329	510	38.9216
b3330	378	39.6825
b3331	588	41.4116
b3332	984	35.1626
b3333	1164	40.8935
b3334	462	44.2641
b3335	678	58.4071
b3336	477	230.9224
b3337	195	36.9231
b3338	2694	39.922
b3339	1185	1121.6456
b3340	2115	966.4775
b3341	540	538.5185
b3342	375	394.5333
b3343	288	56.7708
b3344	360	60.2778
b3345	387	92.2481
b3346	723	189.1425
b3347	813	277.7368
b3348	219	75.3425
b3349	591	353.7225
b4551	201	76.1194
b3350	1806	114.9779
b3351	555	91.2613
b3352	1914	102.4295
b3353	1023	85.8749
b3354	219	80.5936
b3355	870	142.5287
b3356	405	159.5062
b3357	633	405.9242
b3358	2103	98.9063
b3359	1221	116.2162
b3360	564	78.4574
b3361	603	115.9204
b3362	168	69.9405
b3363	573	162.1291
b3364	1182	117.0051
b3365	2544	96.1871
b3366	327	63.6086
b3367	807	77.0136
b3368	1374	92.0306
b3369	168	30.6548
b3370	1338	77.3169
b3371	1023	131.9159
b4474	831	92.7196
b3374	786	93.5751
b3375	732	51.6393
b3376	1086	73.9871
b3377	1305	108.3142
b3378	354	54.5198
b3379	879	71.7292
b3380	1227	117.4002
b3381	1164	97.8093
b3382	363	70.2479
b3383	906	85.5408
b3384	1005	168.1592
b3385	759	115.3491
b3386	678	150.9587
b3387	837	83.3333
b3388	1287	221.4452
b3389	1089	180.0275
b3390	522	233.8123
b3391	1239	98.2647
b3392	405	80.2469
b3393	441	73.8095
b3394	540	77.5926
b3395	780	105.641
b3396	2553	89.7963
b3397	561	98.4848
b3398	2136	100.3979
b3399	669	116.7414
b3400	402	141.0448
b3401	879	94.9374
b3402	1725	95.6522
b3403	1623	466.4202
b3404	1353	123.7251
b3405	720	183.8889
b3406	477	112.9979
b3407	2322	74.8277
b3408	228	90.5702
b3409	2322	167.0327
b3410	237	70.2532
b3411	879	70.7622
b3412	771	124.9027
b3413	684	90.1316
b3414	576	117.1875
b3415	1317	590.8504
b3416	2085	153.0695
b3417	2394	143.2749
b3418	2706	143.6622
b4475	1017	86.7748
b3421	1227	92.4205
b3422	1599	70.0125
b3424	831	91.8171
b3425	327	57.6453
b3426	1506	77.7556
b3428	2448	388.1332
b3429	1434	321.3738
b3430	1296	342.6312
b3431	1974	258.1307
b3432	2187	256.9502
b3433	1104	212.2283
b3434	594	98.6532
b4476	1341	168.7919
b3437	528	195.5492
b3438	996	117.3193
b3439	696	112.7874
b3440	1038	107.9961
b3441	489	65.0307
b3442	1179	41.2638
b3444	276	0.0
b3445	504	0.0
b3446	285	34.2105
b3447	1743	75.4159
b3448	441	117.2336
b3449	744	71.7742
b3450	1071	70.4015
b3451	846	61.2884
b3452	888	74.7185
b3453	1317	83.2954
b3454	714	56.0224
b3455	768	71.4844
b3456	1278	83.3725
b3457	927	72.8155
b3458	1110	84.8649
b3459	384	53.5156
b3460	1104	80.7065
b3461	855	455.6725
b3462	1059	124.6931
b3463	669	136.6218
b3464	1494	122.2222
b3465	597	105.1089
b3466	270	87.037
b3467	360	67.9167
b3468	627	111.0048
b3469	2199	66.3938
b3470	246	60.3659
b3471	666	62.3874
b3472	558	231.0932
b3473	1218	126.5599
b3474	1050	91.0476
b3475	588	83.4184
b3476	1575	114.254
b3477	945	76.1376
b3478	834	71.5827
b3479	765	52.4183
b3480	807	41.0781
b3481	402	42.4129
b3482	4236	54.8985
b3483	384	27.9948
b3484	1137	50.6596
b3485	1125	121.2889
b3486	2736	120.1754
b3487	1068	113.0618
b3488	1623	37.7696
b3491	1053	46.7711
b3492	1203	93.5162
b3493	1500	151.4667
b3494	336	170.6845
b3495	435	887.0115
b3496	1470	177.2109
b3497	753	61.6202
b3498	2043	110.793
b3499	843	82.7402
b3500	1353	107.9453
b4613	84	44.6429
b3501	354	28.2486
b3502	1290	57.7132
b3503	426	43.0751
b3505	1017	0.0
b3506	567	105.8201
b3507	531	56.403
b3508	648	80.787
b3509	327	78.1346
b3510	333	108.8589
b3511	573	114.0489
b3512	528	79.2614
b3513	1158	64.4214
b3514	3114	90.912
b3515	729	46.7764
b3516	825	50.0606
b3517	1401	110.6353
b3518	1398	241.3805
b3519	1650	98.6061
b3520	603	85.9867
b3521	900	66.5
b3522	1014	95.9566
b3523	1323	95.3137
b3524	2061	104.3426
b3525	768	108.724
b3526	930	226.1828
b3527	1497	138.6106
b3528	1287	300.7382
b3529	1989	110.6838
b3530	3474	93.6528
b3531	1107	107.2267
b3532	2340	108.953
b3533	2619	112.4284
b3535	189	32.5397
b3536	1572	125.3817
b3537	192	64.0625
b3538	1680	109.6131
b4453	108	54.1667
b3539	1272	103.3805
b3540	1005	82.5373
b3541	984	79.0142
b3542	903	77.3533
b3543	1020	72.9412
b3544	1608	133.4266
b3546	1692	129.1076
b3547	1209	76.0959
b3548	699	155.7225
b3549	564	154.078
b3550	441	83.5601
b3551	2334	101.3282
b3552	660	93.2576
b3553	975	119.0256
b3554	711	281.5752
b3555	291	123.8832
b3556	213	620.6573
b4455	153	36.2745
b3557	522	0.0
b3558	852	0.0
b3559	2070	161.9082
b3560	912	176.864
b4553	300	62.8333
b3561	996	106.0241
b3562	438	89.2694
b3563	342	86.8421
b3564	1455	116.2199
b3565	1323	128.3447
b3566	993	134.995
b3567	1542	108.463
b3568	1182	115.5245
b3569	1179	94.2324
b3570	825	170.9091
b3571	2031	104.7021
b3572	1254	138.4769
b3573	474	123.4177
b3574	849	133.3333
b3575	999	94.2442
b3576	468	71.5812
b3577	474	43.1435
b3578	1278	65.6103
b3579	987	76.2411
b3580	1497	86.7067
b3581	663	43.7406
b3582	861	55.8653
b3583	696	50.7184
b3584	741	58.4345
b3585	975	50.9744
b3586	1137	55.8047
b3587	324	34.7222
b3588	1539	107.6023
b3589	1152	65.5382
b3590	1845	114.7696
b3591	1392	124.6408
b3592	609	76.9294
b3593	4134	43.4567
b3594	843	40.1542
b3596	462	23.8095
b3597	1137	76.1653
b3598	363	52.8926
b3599	1914	122.9624
b3600	1149	134.6388
b3601	588	207.3129
b4554	210	243.5714
b3602	363	49.8623
b3603	1656	81.7935
b3604	777	64.9292
b3605	1191	72.9639
b3606	474	96.4135
b3607	822	104.1971
b3608	1020	185.8824
b3609	468	231.9444
b3610	252	89.2857
b3611	432	164.9306
b3612	1545	120.8738
b3613	1260	72.619
b3614	960	95.9375
b3615	1035	97.971
b3616	1026	159.1131
b3617	1197	220.3843
b3618	858	0.0
b3619	933	167.0954
b3620	1047	121.5855
b3621	960	106.8229
b3622	1260	0.0
b3623	1074	0.0
b3624	852	0.0
b3625	699	0.0
b3626	1017	0.0
b3627	1020	0.0
b3628	1080	0.0
b3629	936	0.0
b3630	798	0.0
b3631	1125	0.9333
b3632	1035	0.5314
b3633	1278	102.0344
b3634	480	93.6458
b3635	810	105.8642
b3636	168	277.6786
b3637	237	466.6667
b3638	669	80.4185
b3639	1221	109.009
b3640	456	117.9825
b3641	597	108.459
b3642	642	77.3364
b3644	864	107.8704
b3645	825	87.8788
b3646	618	116.6667
b3647	1683	124.9554
b3648	624	181.6506
b3649	276	160.8696
b3650	2109	115.3864
b3651	690	99.1304
b3652	2082	81.8204
b3653	1206	154.1874
b3654	1392	99.1379
b3655	1710	110.4971
b3656	2319	104.8728
b3657	1383	116.4859
b3659	1185	40.8861
b3660	924	117.2078
b3661	819	79.3651
b4555	294	52.381
b3662	1191	83.7951
b3663	453	88.7417
b3664	1335	116.03
b3665	1767	101.3016
b3666	1392	87.4641
b3667	1320	103.1439
b3668	1503	68.7292
b3669	591	61.6751
b3670	291	69.244
b3671	1689	91.3558
b3672	99	31.8182
b4618	90	32.7778
b3673	1185	87.7215
b3674	498	102.6104
b3675	363	78.3747
b3676	348	64.3678
b3677	450	33.4444
b3678	1494	70.0469
b3679	1716	96.62
b3680	894	65.604
b3684	717	64.4351
b3685	1662	154.3923
b3686	429	138.6946
b3687	414	193.599
b3688	333	75.8258
b3689	1248	93.7099
b3690	1065	72.4413
b3691	1293	98.8786
b4478	1149	106.5274
b4477	618	62.7832
b3693	879	73.4357
b4479	690	62.1739
b3696	657	49.4673
b3697	813	138.4994
b3698	399	123.5589
b3699	2415	168.9027
b3700	1074	80.4004
b3701	1101	139.6458
b3702	1404	177.0299
b3703	141	132.6241
b3704	360	152.7778
b4557	258	113.5659
b3705	1647	146.9035
b3706	1365	103.9927
b3707	75	20.6667
b3708	1416	165.6427
b3709	1248	137.0192
b3710	1176	80.4422
b3711	960	83.9583
b3712	750	106.8
b3713	567	120.6349
b3714	1338	185.3139
b3715	666	59.2342
b3716	468	60.2564
b3717	588	0.0
b3718	723	110.3734
b3719	1170	75.7265
b3720	1617	93.29
b3721	1413	122.3284
b3722	1878	107.1086
b3723	837	66.368
b3724	726	103.0992
b3725	774	129.9742
b3726	891	107.9125
b3727	960	131.5104
b3728	1041	133.2373
b3729	1830	322.4317
b3730	1371	193.9825
b3731	420	517.0238
b3732	1383	604.7722
b3733	864	462.037
b3734	1542	689.7536
b3735	534	566.8539
b3736	471	648.0892
b3737	240	394.375
b3738	816	355.6373
b3739	381	243.4383
b3740	624	84.6154
b3741	1890	148.545
b3742	444	164.9775
b3743	459	97.9303
b3744	993	118.4794
b3745	1452	132.1281
b3746	1497	160.2204
b3747	1869	146.549
b3748	420	206.4286
b3749	1506	143.1939
b3750	966	129.089
b3751	891	384.119
b3752	930	151.5054
b3753	993	106.8479
b3754	1428	106.5476
b3755	693	110.3896
b4480	840	91.6667
b3764	339	197.0501
b3765	1521	116.1078
b3766	99	20.7071
b4669	51	6.8627
b3769	264	44.1288
b3770	930	147.6882
b3771	1851	88.7898
b3772	1545	69.8706
b3773	894	53.6353
b3774	1476	140.2439
b3775	282	56.0284
b3778	2022	98.2443
b3779	1485	118.3502
b3780	1266	167.891
b3781	330	350.303
b3783	1260	405.873
b3784	1104	193.0707
b3785	1047	139.064
b3786	1131	80.9019
b3787	1263	87.886
b3788	1068	99.9064
b3789	882	123.5828
b3790	675	73.2593
b3791	1131	80.9019
b3792	1251	121.7026
b4481	1080	104.213
b3793	1353	133.6659
b3794	741	83.9406
b3795	1386	114.0693
b3800	1236	63.8754
b3801	1656	25.2717
b3802	1197	156.8922
b3803	1182	159.9408
b3804	741	134.8178
b3805	942	174.5754
b3806	2547	168.7083
b3807	321	50.3115
b4558	204	83.3333
b3809	825	135.2727
b3810	708	126.2712
b3811	897	113.8239
b3812	717	64.2259
b3813	2163	89.8983
b4482	765	60.1307
b3816	951	120.6625
b3817	381	0.0
b3818	381	0.0
b3819	891	73.6251
b3820	468	92.8419
b3821	870	75.2299
b3822	1830	81.9126
b3823	621	143.8808
b3824	621	77.0531
b3825	1023	134.7019
b3826	801	102.1848
b3827	900	99.5
b3828	954	46.174
b3829	2262	92.7498
b3830	816	95.4044
b3831	762	290.0262
b3832	1428	107.3529
b3833	756	179.3651
b3834	606	112.2112
b3835	1641	122.7605
b3836	270	318.7037
b3838	516	255.1357
b3839	777	131.4672
b4483	783	113.7931
b3842	489	50.0
b3843	1494	229.8193
b3844	702	276.9943
b3845	1164	54.0808
b3846	2190	95.0457
b3847	1332	144.1441
b3848	615	110.0
b3849	1452	135.4339
b3850	546	80.8608
b3856	528	73.9583
b3857	585	89.0598
b3858	270	125.9259
b3859	987	117.3759
b3860	627	218.1818
b3861	1431	123.2006
b3862	933	94.1586
b3863	2787	154.0366
b3865	633	113.9021
b3866	510	114.2157
b3867	1374	149.345
b4686	111	55.8559
b3868	1410	84.7872
b3869	1050	101.1905
b3870	1410	208.1206
b3871	1824	225.3838
b3872	711	49.9297
b3873	981	57.0846
b3874	1266	62.7962
b3875	693	14.5022
b3876	1404	31.9801
b3877	1386	25.6133
b3878	2037	30.756
b3879	927	31.931
b3880	1242	34.2593
b3881	879	42.4915
b3882	897	22.631
b3883	897	29.4314
b3884	786	52.4809
b3885	600	124.5833
b3886	873	117.2967
b3887	438	125.7991
b3888	990	101.4646
b3889	213	27.23
b3890	219	26.0274
b3891	930	122.8495
b3892	636	309.6698
b3893	903	342.8571
b3894	3051	374.6804
b3895	834	84.2926
b3896	1056	56.8182
b3897	1749	48.685
b3898	1071	49.113
b3899	1452	54.9242
b3900	447	23.9374
b3901	315	79.0476
b3902	825	121.9394
b3903	1260	142.5397
b3904	1470	108.4694
b3905	837	121.6846
b3906	849	247.4087
b3907	1035	207.4396
b3908	621	71.9807
b3909	984	543.9533
b3910	675	162.8889
b3911	1374	177.0378
b3912	699	174.8927
b4484	501	532.2355
b3915	903	129.4574
b3916	963	207.4766
b3917	990	105.6566
b3918	756	58.2672
b3919	768	451.1719
b3920	600	81.8333
b3921	441	87.9819
b3922	300	209.0
b3923	429	381.7016
b3924	747	104.2838
b3925	1011	101.4837
b3926	1509	182.3062
b3927	846	170.0355
b3928	246	326.8293
b3929	486	544.1358
b3930	927	100.3236
b3931	1332	139.7523
b3932	531	131.5443
b3933	960	100.3646
b3934	1026	120.2242
b3935	2199	61.3461
b3936	213	212.2066
b3937	609	58.6207
b3938	318	134.9057
b3939	1161	98.9664
b3940	2433	80.5384
b3941	891	61.7845
b3942	2181	363.2508
b3943	906	117.2185
b3944	618	79.2071
b3945	1104	425.9058
b3946	663	67.4208
b3947	2502	75.5995
b3949	1080	104.213
b3950	321	98.5981
b3951	2298	88.9469
b3952	879	85.0967
b3953	342	78.3626
b3954	852	91.3146
b3955	1734	99.6828
b3956	2652	113.537
b3957	1152	93.6198
b3958	1005	105.7214
b3959	777	96.7825
b3960	1374	125.4003
b3961	918	168.573
b3962	1401	137.6517
b3963	648	182.7932
b3964	360	326.3889
b3965	1101	111.4896
b3966	1845	97.7236
b3967	858	128.2634
b3972	1029	105.7823
b3973	966	105.4865
b3974	951	117.7182
b3980	1185	1015.3586
b3981	384	280.4688
b3982	546	297.7106
b3983	429	793.9394
b3984	705	980.4255
b3985	498	987.3494
b3986	366	1078.4153
b3987	4029	412.2487
b3988	4224	600.3788
b3989	540	62.1296
b3990	1134	84.3034
b3991	771	84.5655
b4407	201	56.7164
b3992	756	77.4471
b3993	636	75.5503
b3994	1896	84.8629
b3995	477	96.2264
b3996	774	143.6693
b3997	1065	102.3474
b3998	672	71.0565
b3999	591	98.308
b4000	273	511.1722
b4001	696	118.319
b4002	426	291.9014
b4003	1398	60.2647
b4004	1326	88.1599
b4005	1290	114.186
b4006	1590	83.1132
b4011	384	29.9479
b4012	444	86.1486
b4013	930	111.5591
b4014	1602	134.3321
b4015	1305	150.1149
b4016	1737	81.5486
b4017	2187	47.5309
b4018	825	93.4545
b4019	3684	122.8963
b4020	1632	95.0061
b4021	690	166.0145
b4022	873	104.4674
b4023	273	70.8791
b4024	1350	134.8889
b4025	1650	259.9394
b4026	243	33.9506
b4027	639	53.1299
b4028	738	70.1897
b4029	2097	87.8159
b4620	279	62.9032
b4030	411	76.0341
b4031	1476	59.1802
b4032	891	132.9405
b4033	1545	107.9935
b4034	1191	123.8455
b4035	1116	113.7545
b4036	1341	184.6383
b4037	921	108.6862
b4039	498	114.759
b4040	873	120.8477
b4041	2424	161.7368
b4042	369	85.5014
b4043	609	331.1166
b4044	1380	87.6812
b4045	210	98.5714
b4046	516	137.7907
b4047	255	31.9608
b4048	708	35.1695
b4049	1038	95.5202
b4050	243	59.6708
b4051	984	143.9024
b4052	1416	98.8347
b4053	1080	126.9444
b4054	1194	95.1424
b4621	204	17.402
b4055	714	107.2829
b4056	417	189.0887
b4057	357	151.9608
b4058	2823	118.1722
b4059	537	191.527
b4060	282	42.7305
b4061	1587	106.7108
b4062	324	142.7469
b4063	465	77.3118
b4064	1350	135.3704
b4065	1650	114.1818
b4066	1293	28.3836
b4067	1650	109.0606
b4068	315	76.5079
b4069	1959	79.6835
b4070	1437	221.4683
b4071	567	166.843
b4072	672	121.7262
b4073	957	216.3532
b4074	1659	104.6414
b4075	384	72.2656
b4076	597	75.6281
b4077	1314	108.5997
b4078	690	116.0145
b4079	2148	193.2961
b4080	1467	79.9591
b4081	2052	93.3967
b4082	1032	52.0349
b4622	276	48.913
b4083	1986	63.2427
b4084	930	53.6559
b4085	696	25.431
b4086	981	35.9837
b4087	1533	36.9211
b4088	936	35.7372
b4089	891	54.826
b4090	450	35.4444
b4487	330	45.9091
b4092	759	44.0053
b4093	435	30.9195
b4094	558	47.2222
b4095	1137	47.0536
b4096	681	33.4802
b4097	759	49.0119
b4098	846	50.7683
b4099	1065	57.6056
b4100	585	25.5556
b4101	453	26.6004
b4102	726	40.7025
b4105	1017	65.0934
b4106	789	47.9087
b4107	444	56.982
b4108	336	84.2262
b4109	2229	115.4554
b4110	879	104.8919
b4111	1503	127.4784
b4703	90	59.4444
b4112	1092	107.8755
b4113	669	105.3064
b4114	1644	87.135
b4115	1338	104.6338
b4116	762	85.958
b4117	2268	110.6702
b4118	909	143.0143
b4119	1356	700.5162
b4120	1422	105.2039
b4121	630	92.9365
b4122	1647	298.725
b4123	1341	355.9657
b4124	720	133.4722
b4125	1632	96.5686
b4126	231	76.1905
b4127	273	83.8828
b4128	297	54.7138
b4559	174	74.4253
b4129	1518	164.1634
b4130	1458	89.8834
b4131	2148	96.2291
b4132	1335	94.6442
b4133	1539	120.8252
b4135	576	112.5
b4136	1698	84.04
b4137	339	92.4779
b4138	1302	1111.5975
b4139	1437	2287.4043
b4140	477	226.1006
b4141	1257	114.9562
b4142	294	183.3333
b4143	1647	577.0492
b4144	354	173.5876
b4145	870	59.0805
b4146	1029	69.9223
b4147	567	277.6014
b4410	126	54.3651
b4411	147	61.9048
b4148	318	102.9874
b4149	534	114.7004
b4150	1134	110.9788
b4151	360	828.6111
b4152	396	828.4091
b4153	735	834.4898
b4154	1809	922.7474
b4155	978	93.047
b4156	1503	109.4145
b4157	315	0.0
b4158	315	0.0
b4159	3324	75.8724
b4160	969	158.6171
b4161	1053	94.6819
b4162	546	81.7766
b4670	54	12.037
b4166	1140	130.0439
b4167	1548	116.8928
b4168	462	140.5844
b4169	1338	123.3558
b4170	1848	121.5368
b4171	951	374.2902
b4172	309	457.767
b4173	1281	203.8251
b4174	1260	209.3651
b4175	1005	227.5622
b4176	198	75.0
b4177	1299	633.1024
b4178	426	128.0516
b4179	2442	203.706
b4180	732	105.3962
b4181	402	45.7711
b4182	699	77.3963
b4183	660	66.2879
b4184	399	61.9048
b4185	639	94.2097
b4186	1164	88.3591
b4187	1626	110.4244
b4188	276	163.587
b4189	330	295.6061
b4190	750	108.6667
b4191	756	137.5
b4192	1065	126.385
b4193	1398	121.2089
b4194	306	94.9346
b4195	465	82.2581
b4196	651	109.2934
b4197	855	126.4327
b4198	687	109.8981
b4199	276	64.6739
b4200	396	536.6162
b4201	315	540.3175
b4202	228	460.307
b4203	450	594.6667
b4204	795	42.7044
b4206	639	110.3286
b4207	621	105.153
b4208	1413	143.0998
b4209	663	77.8281
b4210	966	90.3209
b4211	861	57.0848
b4212	381	85.6955
b4213	1944	159.5936
b4214	741	217.2065
b4215	939	0.0
b4216	555	131.7117
b4217	207	273.6715
b4218	1344	115.439
b4219	639	114.3975
b4220	1734	120.0115
b4221	3780	113.3598
b4222	342	163.1579
b4224	252	64.881
b4225	351	56.8376
b4226	531	234.3691
b4227	957	206.9488
b4485	1503	113.9055
b4230	1026	110.1852
b4231	996	148.745
b4232	999	380.981
b4233	1374	135.1892
b4234	552	112.9529
b4235	1353	102.7347
b4237	465	116.8817
b4238	2139	189.5746
b4239	1656	67.814
b4240	1422	90.3657
b4241	948	91.9831
b4702	54	7.4074
b4242	2697	104.8758
b4243	387	589.6641
b4244	462	153.7879
b4245	936	148.7179
b4246	135	54.0741
b4248	396	40.404
b4249	714	50.6303
b4251	594	31.229
b4252	453	44.1501
b4253	1815	4.2975
b4254	1005	61.5423
b4255	417	271.8225
b4256	504	58.631
b4257	1197	41.1445
b4258	2856	146.7962
b4259	444	75.6757
b4260	1512	146.4616
b4261	1101	120.7084
b4262	1083	172.0683
b4263	1503	69.5276
b4264	999	38.989
b4265	1320	48.9015
b4266	765	55.7516
b4267	1032	67.6841
b4268	564	40.7801
b4269	1020	83.9706
b4272	366	0.0
b4273	906	0.4415
b4277	330	0.0
b4278	1329	12.6035
b4279	1218	0.0
b4280	1119	0.0
b4655	126	0.0
b4284	1152	0.0
b4287	768	0.0
b4288	957	0.0
b4289	999	0.0
b4290	903	0.0
b4291	2325	0.0
b4292	954	0.0
b4293	522	0.0
b4294	276	0.0
b4295	987	142.7052
b4296	1350	48.6296
b4297	1968	63.6941
b4298	906	46.5784
b4299	789	47.5285
b4300	783	49.2976
b4301	633	48.1043
b4302	432	54.1667
b4303	807	85.7497
b4304	1314	83.79
b4565	279	76.3441
b4305	1122	77.4955
b4306	747	37.8179
b4307	546	37.3626
b4566	258	23.4496
b4309	981	80.3262
b4310	1107	80.804
b4311	717	70.8508
b4312	603	56.8823
b4313	597	57.2864
b4314	549	67.4863
b4315	540	94.8148
b4316	726	82.989
b4317	2637	81.2666
b4318	531	78.6252
b4319	504	80.5556
b4320	903	99.4463
b4321	1344	79.0551
b4322	1185	103.6709
b4323	1461	119.2676
b4324	774	107.3643
b4325	831	35.9206
b4326	393	31.2977
b4327	912	96.6557
b4328	1173	148.5934
b4329	462	108.9827
b4330	684	119.0058
b4331	555	68.3784
b4332	1179	80.1527
b4333	861	67.4797
b4334	768	57.3568
b4335	1152	128.776
b4336	1281	95.121
b4337	1233	39.0916
b4340	1413	64.9328
b4341	165	15.7576
b4345	1047	0.0
b4346	1380	0.0
b4347	342	20.9064
b4348	1395	0.0
b4349	1590	0.0
b4350	3513	0.0
b4351	915	0.0
b4352	957	93.2602
b4353	204	58.5784
b4354	2151	309.3212
b4355	1656	69.7162
b4356	1362	66.0793
b4357	915	68.3607
b4358	1023	93.0108
b4359	2292	103.5777
b4360	495	83.7374
b4361	738	109.2818
b4362	540	80.0
b4363	474	90.0844
b4364	771	94.8119
b4365	726	67.9063
b4366	678	81.5634
b4367	789	48.7326
b4567	237	50.6329
b4371	1032	74.4186
b4372	414	73.6715
b4373	447	83.557
b4374	678	102.8761
b4375	1590	111.5094
b4376	606	117.4092
b4568	162	61.4198
b4377	1074	76.5829
b4378	780	73.5256
b4379	864	67.0139
b4380	1551	156.8988
b4381	780	174.9359
b4382	1323	157.672
b4383	1224	317.0752
b4384	720	321.0417
b4385	1332	34.8348
b4386	1017	102.1141
b4387	645	94.4961
b4388	969	74.6646
b4389	1383	103.0369
b4390	1233	85.6853
b4391	1668	166.6067
b4392	1938	119.6336
b4393	327	60.5505
b4394	513	75.731
b4395	648	123.3796
b4396	870	281.2644
b4397	474	129.6414
b4398	690	125.942
b4399	1425	83.2281
b4400	1353	92.7199
b4401	717	467.4338
b4402	141	106.0284
b4403	687	80.4949
