4HOXPACDtex	0.006416739465395789
DUMPtex	0.006416739465395789
NO2tex	0.006416739465395789
THRPtex	0.006416739465395789
ALLtex	0.006416739465395789
DAPtex	0.006416739465395789
ASNtex	0.006416739465395789
ORNtex	0.006416739465395789
XMPtex	0.006416739465395789
THYMtex	0.006416739465395789
AKGtex	0.006416739465395789
NO3tex	0.006416739465395789
TARTRDtex	0.006416739465395789
MEOHtex	0.006416739465395789
OROTtex	0.006416739465395789
FORtex	0.006416739465395789
MELIBtex	0.006416739465395789
G3PCtex	0.006416739465395789
UDPGtex	0.006416739465395789
DCAtex	0.006416739465395789
MALtex	0.006416739465395789
TARTRtex	0.006416739465395789
CLtex	0.006416739465395789
H2O2tex	0.006416739465395789
IDONtex	0.006416739465395789
XYLtex	0.006416739465395789
FALDtex	0.006416739465395789
H2Otex	0.00030952330939109784
RIBtex	0.006416739465395789
4PEPTtex	0.006416739465395789
NOtex	0.006416739465395789
TYRtex	0.006416739465395789
PHEtex	0.006416739465395789
CMPtex	0.006416739465395789
DCMPtex	0.006416739465395789
GLUtex	0.006416739465395789
PYDXNtex	0.006416739465395789
ALAALAtex	0.006416739465395789
H2Stex	0.006416739465395789
MAN6Ptex	0.006416739465395789
PItex	0.006416739465395789
UMPtex	0.006416739465395789
5DGLCNtex	0.006416739465395789
CMtex	0.006416739465395789
GLYALDtex	0.006416739465395789
GLCNtex	0.006416739465395789
PPALtex	0.006416739465395789
THMtex	0.006416739465395789
G3PEtex	0.006416739465395789
H2tex	0.006416739465395789
PPTtex	0.006416739465395789
5MTRtex	0.006416739465395789
PTRCtex	0.006416739465395789
PYDXtex	0.006416739465395789
FRULYStex	0.006416739465395789
XTSNtex	0.006416739465395789
METSOX1tex	0.006416739465395789
CO2tex	0.006416739465395789
MANGLYCtex	0.006416739465395789
G3PGtex	0.006416739465395789
FRUURtex	0.006416739465395789
PACALDtex	0.006416739465395789
GLCRtex	0.006416739465395789
ILEtex	0.006416739465395789
MANtex	0.006416739465395789
GLYC2Ptex	0.006416739465395789
COBALT2tex	0.006416739465395789
METSOX2tex	0.006416739465395789
G3PItex	0.006416739465395789
IMPtex	0.006416739465395789
SERtex	0.006416739465395789
ALAtex	0.006416739465395789
DDGLCNtex	0.006416739465395789
FRUtex	0.006416739465395789
LYStex	0.006416739465395789
SUCRtex	0.006416739465395789
ASPtex	0.006416739465395789
AMPtex	0.006416739465395789
HCINNMtex	0.006416739465395789
TAURtex	0.006416739465395789
G3PStex	0.006416739465395789
GLYC3Ptex	0.006416739465395789
FUCtex	0.006416739465395789
GLCUR1Ptex	0.006416739465395789
PSCLYStex	0.006416739465395789
ANHGMtex	0.006416739465395789
GLYCAtex	0.006416739465395789
INDOLEtex	0.006416739465395789
METtex	0.006416739465395789
Zn2tex	0.006416739465395789
AGMtex	0.006416739465395789
LYXtex	0.006416739465395789
SUCCtex	0.006416739465395789
GLCURtex	0.006416739465395789
INSTtex	0.006416739465395789
MG2tex	0.006416739465395789
FUSAtex	0.006416739465395789
TCYNTtex	0.006416739465395789
DGMPtex	0.006416739465395789
FE2tex	0.006416739465395789
BALAtex	0.006416739465395789
FUMtex	0.006416739465395789
GLCtex_copy1	0.006416739465395789
DGSNtex	0.006416739465395789
G6Ptex	0.006416739465395789
MALDtex	0.006416739465395789
TYRPtex	0.006416739465395789
MINCYCtex	0.006416739465395789
SULFACtex	0.006416739465395789
GLYCLTtex	0.006416739465395789
ISETACtex	0.006416739465395789
DIMPtex	0.006416739465395789
GAL1Ptex	0.006416739465395789
PYRtex	0.006416739465395789
THRtex	0.006416739465395789
TMAOtex	0.006416739465395789
GLYCtex	0.006416739465395789
GLNtex	0.006416739465395789
DINStex	0.006416739465395789
GALBDtex	0.006416739465395789
ALLTNtex	0.006416739465395789
XYLUtex	0.006416739465395789
G1Ptex	0.006416739465395789
GDPtex	0.006416739465395789
BTNtex	0.006416739465395789
ABUTtex	0.006416739465395789
ACGAtex	0.006416739465395789
NACtex	0.006416739465395789
SPMDtex	0.006416739465395789
CYSDtex	0.006416739465395789
GLYtex	0.006416739465395789
PEAMNtex	0.006416739465395789
TMAtex	0.006416739465395789
12PPDRtex	0.006416739465395789
GALCTNLtex	0.006416739465395789
34dhpactex	0.006416739465395789
TSULtex	0.006416739465395789
BUTSO3tex	0.006416739465395789
LIPOtex	0.006416739465395789
GALCTNtex	0.006416739465395789
PROGLYtex	0.006416739465395789
FE3tex	0.006416739465395789
12PPDStex	0.006416739465395789
GALCTtex	0.006416739465395789
Ktex	0.006416739465395789
URAtex	0.006416739465395789
BUTtex	0.006416739465395789
HIStex	0.006416739465395789
SKMtex	0.006416739465395789
MMETtex	0.006416739465395789
TTRCYCtex	0.006416739465395789
3AMPtex	0.006416739465395789
GMPtex	0.006416739465395789
PYDAMtex	0.006416739465395789
DMSOtex	0.006416739465395789
3CMPtex	0.006416739465395789
DMStex	0.006416739465395789
3GMPtex	0.006416739465395789
CGLYtex	0.006416739465395789
CYStex	0.006416739465395789
PPAtex	0.006416739465395789
23CCMPtex	0.006416739465395789
ACSERtex	0.006416739465395789
TREtex	0.006416739465395789
23CAMPtex	0.006416739465395789
DOPAtex	0.006416739465395789
MNLtex	0.006416739465395789
ACMANAtex	0.006416739465395789
L_LACtex	0.006416739465395789
PPPNtex	0.006416739465395789
UREAtex	0.006416739465395789
CA2tex	0.006416739465395789
CSNtex	0.006416739465395789
HOMtex	0.006416739465395789
23CGMPtex	0.006416739465395789
SO3tex	0.006416739465395789
TYMtex	0.006416739465395789
ACMUMtex	0.006416739465395789
CHLtex	0.006416739465395789
DOXRBCNtex	0.006416739465395789
GALTtex	0.006416739465395789
GTPtex	0.006416739465395789
MNtex	0.006416739465395789
23CUMPtex	0.006416739465395789
ACACtex	0.006416739465395789
ACtex	0.006416739465395789
ETHAtex	0.006416739465395789
O2tex	0.006416739465395789
GALURtex	0.006416739465395789
ACALDtex	0.006416739465395789
ETHSO3tex	0.006416739465395789
SO4tex	0.006416739465395789
CYTDtex	0.006416739465395789
HPPPNtex	0.006416739465395789
VALtex	0.006416739465395789
LALADGLUtex	0.006416739465395789
23DAPPAtex	0.006416739465395789
ARBtex	0.006416739465395789
ETOHtex	0.006416739465395789
PNTOtex	0.006416739465395789
CHTBStex	0.006416739465395789
GALtex	0.006416739465395789
LALALGLUtex	0.006416739465395789
RMNtex	0.006416739465395789
NH4tex	0.006416739465395789
TRPtex	0.006416739465395789
MOBDtex	0.006416739465395789
PROtex	0.006416739465395789
UDPGLCURtex	0.006416739465395789
GAMAN6Ptex	0.006416739465395789
OCTAtex	0.006416739465395789
D_LACtex	0.006416739465395789
ADEtex	0.006416739465395789
THMDtex	0.006416739465395789
UACGAMtex	0.006416739465395789
CU2tex	0.006416739465395789
F6Ptex	0.006416739465395789
GAMtex	0.006416739465395789
UDPACGALtex	0.006416739465395789
PSERtex	0.006416739465395789
26DAHtex	0.006416739465395789
CUtex	0.006416739465395789
GSNtex	0.006416739465395789
HXAtex	0.006416739465395789
NI2tex	0.006416739465395789
R5Ptex	0.006416739465395789
UDPGALtex	0.006416739465395789
CITtex	0.006416739465395789
ACGAL1Ptex	0.006416739465395789
LCTStex	0.006416739465395789
ACGALtex	0.006416739465395789
ARGtex	0.006416739465395789
SBTtex	0.006416739465395789
HYXNtex	0.006416739465395789
ACGAM1Ptex	0.006416739465395789
CYANtex	0.006416739465395789
GTHRDtex	0.006416739465395789
MSO3tex	0.006416739465395789
NMNtex	0.006416739465395789
DSERtex	0.006416739465395789
DALAtex	0.006416739465395789
Htex	0.006416739465395789
DAMPtex	0.006416739465395789
3PEPTtex	0.006416739465395789
DHAtex	0.006416739465395789
3HPPtex	0.006416739465395789
ASCBtex	0.006416739465395789
CYNTtex	0.006416739465395789
DTMPtex	0.006416739465395789
LEUtex	0.006416739465395789
QUIN2tex	0.006416739465395789
3UMPtex	0.006416739465395789
XANtex	0.006416739465395789
N2Otex	0.006416739465395789
ACNAMtex	0.006416739465395789
14GLUCANabcpp	0.03535747779896183
MALTHXabcpp	0.03535747779896183
MALTPTabcpp	0.03535747779896183
MALTTTRabcpp	0.03535747779896183
MALTabcpp	0.03535747779896183
MALTTRabcpp	0.03535747779896183
MALTHXtexi	0.029032406040214558
MALTPTtexi	0.029032406040214558
GLCtex_copy2	0.029032406040214558
MALTTTRtexi	0.029032406040214558
MALTtexi	0.029032406040214558
MALTTRtexi	0.029032406040214558
14GLUCANtexi	0.029032406040214558
3NTD7pp	0.031187485249762455
23PDE7pp	0.031187485249762455
3NTD9pp	0.031187485249762455
3NTD2pp	0.031187485249762455
23PDE9pp	0.031187485249762455
23PDE2pp	0.031187485249762455
3NTD4pp	0.031187485249762455
23PDE4pp	0.031187485249762455
2AGPE180tipp	0.03405057586163011
2AGPG161tipp	0.03405057586163011
2AGPA140tipp	0.03405057586163011
2AGPE181tipp	0.03405057586163011
2AGPE120tipp	0.03405057586163011
2AGPG180tipp	0.03405057586163011
2AGPA141tipp	0.03405057586163011
2AGPE140tipp	0.03405057586163011
2AGPG181tipp	0.03405057586163011
2AGPG120tipp	0.03405057586163011
2AGPA160tipp	0.03405057586163011
2AGPE141tipp	0.03405057586163011
2AGPG140tipp	0.03405057586163011
2AGPA161tipp	0.03405057586163011
2AGPE160tipp	0.03405057586163011
2AGPG141tipp	0.03405057586163011
2AGPE161tipp	0.03405057586163011
2AGPG160tipp	0.03405057586163011
2AGPA180tipp	0.03405057586163011
2AGPA181tipp	0.03405057586163011
2AGPA120tipp	0.03405057586163011
2AGPEAT161	0.07977113809434963
2AGPGAT161	0.07977113809434963
AACPS3	0.014976665278651293
2AGPGAT181	0.07977113809434963
2AGPEAT180	0.07977113809434963
AACPS2	0.014976665278651293
AACPS4	0.014976665278651293
2AGPEAT181	0.07977113809434963
AACPS5	0.014976665278651293
AACPS6	0.014976665278651293
2AGPEAT120	0.07977113809434963
AACPS9	0.014976665278651293
AACPS7	0.014976665278651293
2AGPEAT140	0.07977113809434963
2AGPGAT120	0.07977113809434963
AACPS8	0.014976665278651293
2AGPGAT160	0.07977113809434963
2AGPGAT140	0.07977113809434963
2AGPEAT141	0.07977113809434963
2AGPGAT141	0.07977113809434963
2AGPEAT160	0.07977113809434963
2AGPGAT180	0.07977113809434963
AACPS1	0.014976665278651293
GLYCLTDy	0.039579984282888246
GLYCLTDx	0.039579984282888246
HPYRRy	0.039579984282888246
HPYRRx	0.039579984282888246
TDP	0.06999420184379514
2MAHMP	0.017922465337714025
PYDXPP	0.017922465337714025
3AMACHYD	0.09317253978393915
3HAD40	0.025947444054125187
3HAD141	0.025947444054125187
3HAD180	0.025947444054125187
3HAD140	0.025947444054125187
3HAD60	0.025947444054125187
3HAD181	0.025947444054125187
3HAD121	0.025947444054125187
3HAD160	0.025947444054125187
3HAD80	0.025947444054125187
T2DECAI	0.03380182970904809
3HAD161	0.025947444054125187
3HAD100	0.025947444054125187
3HAD120	0.025947444054125187
OGMEACPD	0.025947444054125187
OPMEACPD	0.025947444054125187
3HPPPNH	0.057566084153271496
3HCINNMH	0.057566084153271496
XYLK2	0.03387573534953893
3OAR121	0.01831794160203334
3OAR180	0.01831794160203334
3OAR140	0.01831794160203334
OPMEACPR	0.01831794160203334
3OAR181	0.01831794160203334
3OAR141	0.01831794160203334
OGMEACPR	0.01831794160203334
3OAR40	0.01831794160203334
3OAR100	0.01831794160203334
3OAR160	0.01831794160203334
3OAR60	0.01831794160203334
3OAR120	0.01831794160203334
3OAR161	0.01831794160203334
3OAR80	0.01831794160203334
3OAS180	0.019779450741311416
3OAS140	0.019779450741311416
3OAS100	0.019779450741311416
KAS14	0.019779450741311416
3OAS141	0.029490976252580906
3OAS120	0.019779450741311416
3OAS60	0.019779450741311416
OPMEACPS	0.029490976252580906
3OAS160	0.019779450741311416
MACPD	0.029490976252580906
3OAS80	0.019779450741311416
3OAS161	0.029490976252580906
3OAS121	0.029490976252580906
3OAS181	0.019779450741311416
OXDHCOAT	0.23297930703847355
3OXCOAT	0.23297930703847355
4PEPTabcpp	0.02710414069286268
3PEPTabcpp	0.03464027645806485
TYROXDApp	0.12413406066162616
PEAMNOpp	0.12413406066162616
42A12BOOXpp	0.12413406066162616
THRS	0.04333967310384538
AGM4PCP	0.048852786760063216
UM4PCP	0.048852786760063216
4PCP	0.048852786760063216
AM4PCP	0.048852786760063216
5DGLCNR	0.12116331648356808
GLCNt2rpp	0.01653632914004416
5DGLCNt2rpp	0.15656257375118773
IDONt2rpp	0.15656257375118773
MTAN	0.030463256308776995
5DOAN	0.030463256308776995
AHCYSNS	0.030463256308776995
A5PISO	0.0368845521302741
ACPPAT181	0.014976665278651293
ACOATA	0.014976665278651293
UAGAAT	0.014976665278651293
G3PAT141	0.014976665278651293
ACPPAT120	0.014976665278651293
G3PAT120	0.014976665278651293
ACPPAT140	0.014976665278651293
MCOATA	0.014976665278651293
G3PAT140	0.014976665278651293
ACPPAT141	0.014976665278651293
G3PAT160	0.014976665278651293
G3PAT161	0.014976665278651293
ACPPAT160	0.014976665278651293
G3PAT180	0.014976665278651293
G3PAT181	0.014976665278651293
ACPPAT161	0.014976665278651293
ACPPAT180	0.014976665278651293
AADDGT	0.04471005512109713
AAMYL	0.0475456531436077
AAMYLpp	0.04437211250585376
ABTA	0.11531504036159243
ABUTD	0.05284461806306368
ABUTt2pp	0.07877499508840258
ACACCT	0.058402754695672486
BUTCT	0.058402754695672486
HXCT	0.058402754695672486
ACACT1r	0.07068213438871927
ACACT5r	0.07068213438871927
ACACT3r	0.07068213438871927
ACACT2r	0.07068213438871927
ACACT6r	0.07068213438871927
ACACT4r	0.07068213438871927
ACACT7r	0.07068213438871927
ACACT8r	0.07068213438871927
BUTt2rpp	0.0651000575799849
ACACt2pp	0.0651000575799849
HEXt2rpp	0.0651000575799849
ACALD	0.017106491463705457
ALCD2x	0.017106491463705457
ACCOAC	0.02399971766037447
ACCOAL	0.05845017168967601
ACS	0.05845017168967601
ACGAMK	0.04076332402086224
ACGAMT	0.028336364725957575
FRUpts2pp	0.018709556547622727
SBTptspp	0.021105659272292784
FRUptspp	0.021105659272292784
SUCptspp	0.015807234937458996
MNLptspp	0.021105659272292784
ACMANAptspp	0.018709556547622727
MANGLYCptspp	0.021105659272292784
GALTptspp	0.021105659272292784
ASCBptspp	0.021105659272292784
GAMptspp	0.018709556547622727
ACMUMptspp	0.015807234937458996
TREptspp	0.015807234937458996
MANptspp	0.018709556547622727
DHAPT	0.021105659272292784
ACGAptspp	0.015807234937458996
GLCptspp	0.015807234937458996
CHTBSptspp	0.021105659272292784
ACGK	0.0475508273107058
ACGS	0.044947217317489366
ACLS	0.040688337211127024
ACHBS	0.040688337211127024
ACKr	0.01823067579873695
PPAKr	0.01823067579873695
GART	0.04818300241316975
ACM6PH	0.06463808940713621
ACMAMUT	0.05543564015722054
ACNAMt2pp	0.03529654618940355
ACNML	0.028395597355274686
ACOAD3f	0.06239335037667937
ACOAD8f	0.06239335037667937
ACOAD1f	0.06239335037667937
ACOAD4f	0.06239335037667937
ACOAD5f	0.06239335037667937
ACOAD6f	0.06239335037667937
ACOAD2f	0.06239335037667937
ACOAD7f	0.06239335037667937
OGMEACPS	0.028607815432671574
KAS15	0.028607815432671574
ACODA	0.04987024424539948
NACODA	0.04987024424539948
CLIPAabctex	0.029108860151067145
ECA4COLIPAabctex	0.029108860151067145
LIPAabctex	0.029108860151067145
COLIPAPabctex	0.029108860151067145
ACOLIPAabctex	0.029108860151067145
ENLIPAabctex	0.029108860151067145
K2L4Aabctex	0.029108860151067145
COLIPAabctex	0.029108860151067145
ACONTb	0.029852318459327648
ACONTa	0.029852318459327648
MICITDr	0.029852318459327648
SOTA	0.1262757024819939
ACOTA	0.04049480791638299
SDPTA	0.04049480791638299
ACSERtpp	0.0425243942672082
CYStpp	0.0425243942672082
ACt4pp	0.04219849896640221
GLYCLTt4pp	0.04219849896640221
DADA	0.03849595766264802
ADA	0.03849595766264802
ADCL	0.04539868270339265
ADCS	0.049788075382826584
GLUN	0.049788075382826584
ADD	0.04589679281955348
GUAt2pp	0.046835170497300786
XANt2pp	0.03602517703374113
ADEt2rpp	0.029029008079732216
NDPK2	0.02834431904254123
NDPK3	0.02834431904254123
NDPK4	0.02834431904254123
ADK1	0.02834431904254123
NDPK5	0.02834431904254123
ADNK1	0.02834431904254123
ADK3	0.02834431904254123
DADK	0.02834431904254123
NDPK6	0.02834431904254123
ADK4	0.02834431904254123
NDPK7	0.02834431904254123
NDPK1	0.02834431904254123
NDPK8	0.02834431904254123
ADMDC	0.033891643982706235
ADNCYC	0.03054936371645441
URIH	0.03384538538432169
XTSNH	0.08108591712189041
ADNUC	0.08108591712189041
INSH	0.08108591712189041
CYTDH	0.03384538538432169
ADNt2pp_copy1	0.026980037908882763
DURIt2pp	0.026980037908882763
CYTDt2pp_copy1	0.026980037908882763
DCYTt2pp	0.026980037908882763
URIt2pp_copy1	0.026980037908882763
DADNt2pp	0.026980037908882763
THMDt2pp_copy1	0.026980037908882763
DGSNt2pp	0.026980037908882763
DINSt2pp	0.026980037908882763
GSNt2pp	0.026980037908882763
INSt2pp_copy1	0.026980037908882763
ADNt2pp_copy2	0.21637084846455432
URIt2pp_copy2	0.21637084846455432
XTSNt2rpp	0.21637084846455432
THMDt2pp_copy2	0.21637084846455432
INSt2pp_copy2	0.21637084846455432
CYTDt2pp_copy2	0.21637084846455432
GUAtex	0.02708591526845741
INStex	0.02708591526845741
DCYTtex	0.02708591526845741
DADNtex	0.02708591526845741
ADNtex	0.02708591526845741
DURItex	0.02708591526845741
URItex	0.02708591526845741
ADOCBLabcpp	0.041625788172379156
CBL1abcpp	0.041625788172379156
CBL1tonex	0.04458842358110438
ADOCBLtonex	0.04458842358110438
FECRMtonex	0.04458842358110438
FE3HOXtonex	0.04458842358110438
FE3DHBZStonex	0.04158331366634994
CPGNtonex	0.04458842358110438
FE3DCITtonex	0.04458842358110438
FEOXAMtonex	0.04458842358110438
FEENTERtonex	0.04458842358110438
ADPRDP	0.03552621742745972
ADPT	0.036489230318703984
ADSK	0.1571508070465051
ADSL1r	0.04156825452330321
ADSL2r	0.04156825452330321
ADSS	0.016419022277028923
AGDC	0.0404565036345821
AM4PA	0.04566403252651336
AGM4PA	0.04566403252651336
AM3PA	0.04566403252651336
AGM3PA	0.04566403252651336
AGM3PApp	0.037533948714273534
AGM4PApp	0.037533948714273534
AGM3PH	0.03415081569585906
AGMH	0.03415081569585906
AGM4PH	0.03415081569585906
AGM3Pt2pp	0.051395774049219765
AGMt2pp	0.051395774049219765
AGM4Pt2pp	0.051395774049219765
AGMHE	0.030592224354356618
AGMT	0.04773053308439669
AGPAT141	0.0775305692881211
AGPAT180	0.0775305692881211
AGPAT120	0.0775305692881211
AGPAT161	0.0775305692881211
AGPAT140	0.0775305692881211
AGPAT181	0.0775305692881211
AGPAT160	0.0775305692881211
AGPR	0.04385461856966869
IMPC	0.056146663388149644
AICART	0.056146663388149644
AIRC2	0.04608931817142772
AIRC3	0.09895146662152528
AKGDH	0.022644858144417027
GLYCL	0.022644858144417027
PDH	0.022644858144417027
AKGt2rpp	0.048648677451999175
ALAALAD	0.1532097134716159
ALAALAabcpp	0.03518109275937868
CGLYabcpp	0.03518109275937868
PROGLYabcpp	0.03518109275937868
ALAALAr	0.02580496139299081
ALAGLUE	0.051395774049219765
ALAR	0.03674276450651111
ALATA_L2	0.0241935558606169
THRA2	0.0241935558606169
THFAT	0.0241935558606169
ALATA_D2	0.0241935558606169
GHMT2r	0.0241935558606169
THRA	0.0241935558606169
ALATA_L	0.021429469460984618
THRabcpp	0.055843935999723225
LEUabcpp	0.05467758606416091
VALabcpp	0.055843935999723225
ILEabcpp	0.055843935999723225
ALAabcpp	0.055843935999723225
ALAt2pp_copy1	0.033064317831631676
DALAt2pp	0.033064317831631676
BALAt2pp	0.033064317831631676
GLYt2pp_copy1	0.033064317831631676
DSERt2pp	0.033064317831631676
GLYt4pp	0.044145839228279936
ALAt4pp	0.044145839228279936
ALCD19	0.06569508679626694
FALDH2	0.06569508679626694
ALDD19xr	0.09424544580623717
GGGABADr	0.23786263960984003
ALDD2x	0.23786263960984003
ALDD3y	0.04309864958872322
ALDD2y	0.04309864958872322
ALLK	0.13320615179121942
RPI	0.02811140429675192
ALLPI	0.36221046287635505
ALLTAMH	0.044084289807724865
ALLTN	0.047088936364231705
ALLTNt2rpp	0.04889309892760368
ALLULPE	0.48510411350917887
RIBabcpp	0.020795981510152488
ALLabcpp	0.28338488451259036
ALR2	0.024416585630457587
ALR4x	0.019198090593333324
LALDO2x	0.019198090593333324
GLYCDx	0.019198090593333324
ALTRH	0.02167798393444284
AMALT1	0.03190800732476718
AMALT3	0.03190800732476718
AMALT4	0.03190800732476718
AMALT2	0.03190800732476718
AMANAPEr	0.03692988401216346
AMANK	0.04582381389555782
AMAOTr	0.084875338097068
AMMQLT8	0.029442014731085406
OMBZLM	0.029442014731085406
AMPMS2	0.05480485512949936
AMPN	0.048740113479523894
AMPTASECG	0.030745982066182384
AMPTASEPG	0.030745982066182384
LALGP	0.030745982066182384
ANHMK	0.042762946538343206
ANPRT	0.07594372174286954
ANS	0.059042961341094685
AOXSr2	0.16580796086538022
AP4AH	0.04737367000737666
AP4AS	0.03069794726118207
SPMS	0.03934251318099762
APG3PAT120	0.0409829558302206
APG3PAT181	0.0409829558302206
APG3PAT141	0.0409829558302206
APG3PAT180	0.0409829558302206
APG3PAT160	0.0409829558302206
APG3PAT161	0.0409829558302206
APG3PAT140	0.0409829558302206
APH160	0.10030509051548915
APH161	0.10030509051548915
APH120	0.10030509051548915
APH180	0.10030509051548915
APH140	0.10030509051548915
APH181	0.10030509051548915
APH141	0.10030509051548915
APRAUR	0.04044059500141479
DHPPDA2	0.04044059500141479
ARAI	0.02527263999288282
FEOXAMabcpp	0.06583610215628395
FECRMabcpp	0.06583610215628395
ARBTNabcpp	0.06583610215628395
CPGNabcpp	0.06583610215628395
FE3HOXabcpp	0.06583610215628395
ARBabcpp	0.019220949600214504
ARBt2rpp	0.05574670799410361
ARBt3ipp	0.0477297608206507
MELIBt3ipp	0.0477297608206507
LCTSt3ipp	0.0477297608206507
ARGAGMt7pp	0.04448169673140914
ARGDC	0.04176255608179323
ARGDCpp	0.03226541098640939
ARGORNt7pp	0.05534636646818459
ARGSL	0.03704626415868352
ARGSS	0.036771261038737985
ORNabcpp	0.038959779268487066
LYSabcpp	0.038959779268487066
ARGabcpp	0.03085278614225222
HISabcpp	0.02884853004229534
LYSt3pp	0.061034397862868205
ARGt3pp	0.061034397862868205
ASAD	0.027443087250975832
ASCBPL	0.03684037864400371
ASNN	0.0484407068252052
GLUNpp	0.014059061495671
ASNNpp	0.014059061495671
ASNS1	0.07001443515393997
ASNS2	0.03972833614849212
ASNt2rpp	0.05530821663913289
ASP1DC	0.03461772635668206
ASPCT	0.03172830155107629
HSDy	0.04089260097194026
ASPK	0.03440821120239612
ASPO3	0.051138224089933515
ASPO6	0.051138224089933515
ASPO4	0.051138224089933515
ASPO5	0.051138224089933515
ASPT	7.72263745985773e-05
ASPTA	0.02005599838874892
TYRTA	0.02005599838874892
PHETA1	0.02005599838874892
GLUabcpp	0.05689452359976227
ASPabcpp	0.05689452359976227
OROTt2_2pp	0.023882024665486237
MALt2_2pp	0.023882024665486237
ASPt2_2pp	0.023882024665486237
SUCCt2_2pp	0.023882024665486237
MALDt2_2pp	0.023882024665486237
FUMt2_2pp	0.023882024665486237
FUMt2_3pp	0.011082602565892634
TARTt2_3pp	0.021860778763117674
ASPt2_3pp	0.011082602565892634
SUCCt2_3pp	0.011082602565892634
MALt2_3pp	0.011082602565892634
GLUt2rpp	0.04238500066105777
ASPt2pp_copy1	0.04238500066105777
GRXR	0.03035930960856731
RNDR3b	0.03035930960856731
RNDR4b	0.03035930960856731
PAPSR2	0.03035930960856731
RNDR2b	0.03035930960856731
RNDR1b	0.03035930960856731
AST	0.08113379747414153
LSERDHr	0.043494666437664725
MSAR	0.043494666437664725
ATHRDHr	0.043494666437664725
DSERDHr	0.043494666437664725
ATPPRT	0.07654925374609697
ATPS4rpp	0.016118071095218265
BMOCOS	0.053829408791944734
MOCOS	0.053829408791944734
BMOGDS1	0.05291636136506576
BMOGDS2	0.05291636136506576
MOGDS	0.05291636136506576
BPNT	0.02712143940077276
METSOXR1	0.02200951676059453
BTS5	0.06329025749126725
SULFACabcpp	0.06508824194467132
MSO3abcpp	0.06508824194467132
ETHSO3abcpp	0.06508824194467132
BUTSO3abcpp	0.06508824194467132
ISETACabcpp	0.06508824194467132
TAURabcpp	0.10140448518427449
Kt3pp	0.04063389261703503
NAt3pp	0.052844077478441484
CA2t3pp	0.05651572823235625
CADVtpp	0.04945214065332277
CAt6pp	0.05181318260392508
CBLAT	0.05700464840993984
CBMKr	0.02954627033679349
CBPS	0.03723909841605617
ZN2abcpp	0.08009950463914277
COBALT2abcpp	0.08009950463914277
CU2abcpp	0.08009950463914277
NI2abcpp	0.08009950463914277
CD2abcpp	0.08009950463914277
NI2t3pp	0.03615785194530149
ZN2t3pp	0.03615785194530149
FE2t3pp	0.03615785194530149
COBALT2t3pp	0.03615785194530149
MN2t3pp	0.03615785194530149
CD2t3pp	0.03615785194530149
CU2tpp	0.03300045161983865
ZN2tpp	0.03300045161983865
CD2tpp	0.03300045161983865
FE2tpp	0.03300045161983865
COBALT2tpp	0.03300045161983865
MN2tpp	0.03300045161983865
CDAPPA140	0.10835848853775258
CDAPPA180	0.10835848853775258
CDAPPA161	0.10835848853775258
CDAPPA181	0.10835848853775258
CDAPPA160	0.10835848853775258
CDAPPA120	0.10835848853775258
CDAPPA141	0.10835848853775258
CDPMEK	0.04967671495065543
PPND	0.038071907639727225
CHORM	0.03475186856935979
PPNDH	0.03475186856935979
CHORS	0.07952733442974193
CHRPL	0.04065072796669752
PPPNDO	0.14041840014135515
CITL	0.07837635254272472
CITt7pp	0.06110722233411466
CLPNS180pp	0.04239040650727966
CLPNS140pp	0.04239040650727966
CLPNS181pp	0.04239040650727966
CLPNS160pp	0.04239040650727966
CLPNS141pp	0.04239040650727966
CLPNS120pp	0.04239040650727966
CLPNS161pp	0.04239040650727966
CLt3_2pp	0.03936915628023412
FEENTERtex	0.028758329636764203
FUSAtpp	0.02806035766314226
INDOLEt2pp	0.028758329636764203
MINCYCtpp	0.02806035766314226
TTRCYCtpp	0.02806035766314226
DOXRBCNtpp	0.02806035766314226
RFAMPtpp	0.02806035766314226
NOVBCNtpp	0.02806035766314226
CMtpp	0.02806035766314226
MG2tpp	0.039307992991552056
NI2tpp	0.039307992991552056
COLIPAKpp	0.05777312806357028
PGP140abcpp	0.042039798766602125
PE180abcpp	0.042039798766602125
PE160abcpp	0.042039798766602125
PGP141abcpp	0.042039798766602125
LIPAabcpp	0.042039798766602125
PE161abcpp	0.042039798766602125
PE181abcpp	0.042039798766602125
PGP160abcpp	0.042039798766602125
COLIPAabcpp	0.042039798766602125
PE141abcpp	0.042039798766602125
PGP161abcpp	0.042039798766602125
PGP180abcpp	0.042039798766602125
PGP181abcpp	0.042039798766602125
PG140abcpp	0.042039798766602125
PG120abcpp	0.042039798766602125
PG141abcpp	0.042039798766602125
PA120abcpp	0.042039798766602125
PG160abcpp	0.042039798766602125
PA140abcpp	0.042039798766602125
PG161abcpp	0.042039798766602125
PA141abcpp	0.042039798766602125
PG180abcpp	0.042039798766602125
PA160abcpp	0.042039798766602125
PG181abcpp	0.042039798766602125
PA161abcpp	0.042039798766602125
PA180abcpp	0.042039798766602125
PA181abcpp	0.042039798766602125
LIPACabcpp	0.042039798766602125
K2L4Aabcpp	0.042039798766602125
PE120abcpp	0.042039798766602125
PE140abcpp	0.042039798766602125
PGP120abcpp	0.042039798766602125
CPMPS	0.04026397828270784
CPPPGO	0.06833769610865566
CPPPGO2	0.03218440051945549
CRNDabcpp	0.08492785203179504
CTBTabcpp	0.08492785203179504
PROabcpp	0.08492785203179504
CRNabcpp	0.08492785203179504
PROt2rpp	0.03657070414390548
CTBTt2rpp	0.03657070414390548
CRNDt2rpp	0.03657070414390548
CRNt2rpp	0.03657070414390548
CRNt8pp	0.0400597917482692
CS	0.029575539132766348
CSND	0.0462642359098935
CSNt2pp	0.04592297256054239
ECOAH1	0.04711480719972223
HACD8	0.04711480719972223
CTECOAI8	0.04859407840515798
ECOAH2	0.04711480719972223
HACD7	0.04711480719972223
ECOAH7	0.04711480719972223
ECOAH3	0.04711480719972223
ECOAH4	0.04711480719972223
HACD2	0.04711480719972223
ECOAH5	0.04711480719972223
HACD5	0.04711480719972223
HACD1	0.04711480719972223
ECOAH6	0.04711480719972223
HACD3	0.04711480719972223
HACD4	0.04711480719972223
CTECOAI7	0.04859407840515798
HACD6	0.04711480719972223
ECOAH8	0.04711480719972223
CTECOAI6	0.04859407840515798
CTPS2	0.025746269348295894
FEROpp	0.05183148525470494
CU1Opp	0.05183148525470494
CYANSTpp	0.01898023499059074
CYNTAH	0.364868594690038
CYNTt2pp	0.2235325907657026
CYSDDS	0.04594513653005219
CYSDS	0.030681420817017975
CYSTL	0.053382190856644376
TRPAS2	0.030681420817017975
SERD_L	0.024447553406671617
CYSS	0.04718832670834008
CYSabc2pp	0.04059497052423735
GTHRDabc2pp	0.04059497052423735
CYTBD2pp	0.03670415131921182
CYTBDpp	0.01567880747650156
CYTBO3_4pp	0.04474658319628227
DCYTD	0.04057072144261339
CYTD	0.04057072144261339
URIK2	0.054499810949834984
CYTDK2	0.054499810949834984
UMPK	0.03142858599125921
CYTK2	0.054011740262371974
CYTK1	0.054011740262371974
L_LACt2rpp	0.050731472774922806
GLYCLTt2rpp	0.050731472774922806
D_LACt2pp	0.050731472774922806
DAAD	0.07382686958874794
DAGK181	0.0540376110978625
DAGK141	0.0540376110978625
DAGK140	0.0540376110978625
DAGK160	0.0540376110978625
DAGK161	0.0540376110978625
DAGK180	0.0540376110978625
DAGK120	0.0540376110978625
DAPAL	0.022748804844626713
DAPDC	0.05603646135159748
DAPE	0.03425538020706554
DASYN141	0.02750903857488302
DASYN160	0.02750903857488302
DASYN161	0.02750903857488302
DASYN120	0.02750903857488302
DASYN180	0.02750903857488302
DASYN140	0.02750903857488302
DASYN181	0.02750903857488302
DB4PS	0.025710976895104345
DBTS	0.05165247451838544
DC6PH	0.053268899765108256
DCTPD	0.037117003517815814
HDCEAtexi	0.05763805913439737
TTDCAtexi	0.05763805913439737
DDCAtexi	0.05763805913439737
OCDCAtexi	0.05763805913439737
TTDCEAtexi	0.05763805913439737
HDCAtexi	0.05763805913439737
OCDCEAtexi	0.05763805913439737
DDGALK	0.06553298863598453
GLCURt2rpp	0.01726326100414057
DDGLCNt2rpp	0.01726326100414057
DDGLK	0.026862962724991318
DDPA	0.03340550395460819
DDPGALA	0.09116527185537292
DGK1	0.029220143356863695
GK1	0.029220143356863695
DHACOAH	0.16799215441815177
DHAD2	0.05321569079300984
DHAD1	0.05321569079300984
DHBD	0.10315960899977636
DHBS	0.06900246074120021
DHPPD	0.1897367847138732
DHCINDO	0.06833352588442733
HPPPNDO	0.06833352588442733
DHDPRy	0.06393486604004157
DHDPS	0.023812752607471316
DHFR	0.06543437055562215
DHFS	0.046019659981539805
DHNAOT4	0.046197975680487925
DHNCOAS	0.04570156454456827
DHNCOAT	0.03525268160863156
DHNPA2r	0.055570091275396666
DHORD2	0.05580354660580816
DHORD5	0.05580354660580816
DHORTS	0.07248676031033882
DHPS2	0.050243324861085195
DHQS	0.02942286259018496
DHQTi	0.05049338386203539
DMATT	0.033654250107190205
GRTT	0.033654250107190205
IPDPS	0.05494092800154206
DMPPS	0.05494092800154206
OHPHM	0.058201734442592384
DMQMT	0.058201734442592384
DMSOR2pp	0.06451761626276242
TMAOR1pp	0.060153862739695224
DMSOR1pp	0.06451761626276242
TMAOR2pp	0.060153862739695224
DNTPPA	0.047390196451540766
NTPP2	0.03694247191122303
NTPP1	0.03694247191122303
NTPP5	0.03694247191122303
DPCOAK	0.04219780392903082
KARA1	0.033577255411715426
KARA2	0.033577255411715426
DPR	0.033577255411715426
DRPA	0.029972946056450626
PAPSR	0.02200951676059453
THIORDXi	0.02200951676059453
RNDR4	0.02200951676059453
RNDR3	0.02200951676059453
TRDR	0.02200951676059453
METSOXR2	0.02200951676059453
RNDR2	0.02200951676059453
RNDR1	0.02200951676059453
FUM	0.023917934929674575
DTARTD	0.023917934929674575
DTMPK	0.04072115842033142
DURIK1	0.0794845510182143
TMDK1	0.0794845510182143
DURIPP	0.02292936010843819
PUNP3	0.02292936010843819
PUNP2	0.02292936010843819
PUNP4	0.02292936010843819
PUNP6	0.02292936010843819
PUNP1	0.02292936010843819
PUNP5	0.02292936010843819
TMDPP	0.03148588796121136
NTPP7	0.03694247191122303
DUTPDP	0.039923023838855126
NTPP3	0.03694247191122303
DXPRIi	0.04057643619433369
DXPS	0.047507271635432204
XYLK	0.03387573534953893
E4PD	0.011194194677187576
GAPD	0.011194194677187576
EPMEACPR	0.02487036780759883
EAR180x	0.02487036780759883
EAR180y	0.02487036780759883
EAR181x	0.02487036780759883
EAR120x	0.02487036780759883
EAR181y	0.02487036780759883
EAR40x	0.02487036780759883
EAR100x	0.02487036780759883
EAR40y	0.02487036780759883
EAR60x	0.02487036780759883
EAR100y	0.02487036780759883
EAR60y	0.02487036780759883
EAR120y	0.02487036780759883
EAR80x	0.02487036780759883
EAR121x	0.02487036780759883
EAR80y	0.02487036780759883
EAR121y	0.02487036780759883
EAR140x	0.02487036780759883
EAR140y	0.02487036780759883
EAR141x	0.02487036780759883
EAR141y	0.02487036780759883
EGMEACPR	0.02487036780759883
EAR160x	0.02487036780759883
EAR160y	0.02487036780759883
EAR161x	0.02487036780759883
EAR161y	0.02487036780759883
ECA4OALpp	1.0
ECAP2pp	0.03374321489072777
ECAP1pp	0.03374321489072777
ECAP3pp	0.03374321489072777
ECAtpp	0.038554881386466726
EDA	0.0191778572831885
OAADC	0.0191778572831885
EDD	0.029100828608108892
EDTXS1	0.042351329961732784
EDTXS2	0.049992802501887416
EDTXS4	0.049992802501887416
EDTXS3	0.028963365661323428
ENO	0.01639423261078278
ENTCS	0.40005323986264824
ENTERES2	0.05668354114435895
ENTERES	0.05668354114435895
ETHAAL	0.039747102157519566
F6PA	0.05751828102739498
R5PP	0.16315322701217952
F6PP	0.16315322701217952
MN6PP	0.16315322701217952
G3PT	0.16315322701217952
G6PP	0.16315322701217952
F6Pt6_2pp	0.05351347569346195
G6Pt6_2pp	0.05351347569346195
MAN6Pt6_2pp	0.05351347569346195
GAM6Pt6_2pp	0.05351347569346195
FA160ACPHi	0.06038446069424657
FA100ACPHi	0.06038446069424657
FA161ACPHi	0.06038446069424657
FA120ACPHi	0.06038446069424657
FA80ACPHi	0.06038446069424657
FA140ACPHi	0.06038446069424657
FA141ACPHi	0.06038446069424657
FACOAE180	0.05099805822003709
FACOAE181	0.05099805822003709
FACOAE60	0.05099805822003709
FACOAE80	0.05099805822003709
FACOAE100	0.05099805822003709
FACOAE120	0.05099805822003709
FACOAE140	0.05099805822003709
FACOAE141	0.05099805822003709
FACOAE160	0.05099805822003709
FACOAE161	0.05099805822003709
FACOAL181t2pp	0.049862984966187206
FACOAL60t2pp	0.049862984966187206
FACOAL160t2pp	0.049862984966187206
FACOAL80t2pp	0.049862984966187206
FACOAL120t2pp	0.049862984966187206
FACOAL161t2pp	0.049862984966187206
FACOAL140t2pp	0.049862984966187206
FACOAL100t2pp	0.049862984966187206
FACOAL141t2pp	0.049862984966187206
FACOAL180t2pp	0.049862984966187206
FADRx	0.024448634575916
FLVRx	0.024448634575916
FLVR	0.024448634575916
FMNRx2	0.024448634575916
FMNRx	0.024448634575916
FE3Ri	0.024448634575916
SULR	0.06270882011691456
FADRx2	0.06270882011691456
FBA3	0.019595034158770015
FBA	0.019595034158770015
FBP	0.02080347246848855
FCI	0.03663070903696858
FCLK	0.044657695639119296
FCLPA	0.041071302802761375
FCLT	0.04318220852603888
FDH5pp	0.02089351842127049
FDH4pp	0.02089351842127049
FDMO3	0.13066277837018989
FDMO	0.13066277837018989
FDMO2	0.13066277837018989
FDMO4	0.13066277837018989
FDMO6	0.13066277837018989
FE2abcpp	0.03059554508846436
MNt2pp	0.04945522970830672
FE2t2pp	0.04945522970830672
FE3DCITabcpp	1.0
FEENTERabcpp	0.09031601341391238
FE3DHBZSabcpp	0.09031601341391238
FEENTERtpp	0.13464997609071444
FEOXAMR1	0.15865618076655516
FEOXAMR3	0.15865618076655516
FEOXAMR2	0.15865618076655516
FESR	0.05997423419237893
HYD1pp	0.018034211901758166
FLDR2	0.03194345423070793
RNTR2c2	0.028802425896659992
RNTR4c2	0.028802425896659992
RNTR1c2	0.028802425896659992
RNTR3c2	0.028802425896659992
MECDPDH5	0.02736246291589492
POR5	0.030664353788231694
RBFK	0.031123155679721837
FMNAT	0.031123155679721837
FOMETRi	0.04014867930543217
FORt2pp	0.021380353486739924
FORtppi	0.021380353486739924
FRD2	0.014094585627986343
FRD3	0.014094585627986343
FRUK	0.03240758474204537
FRULYSDG	0.035609158553778594
FRULYSE	0.0503895143882003
FRULYSK	0.04994546273425848
PSCLYSt2pp	0.06029039896998551
FRULYSt2pp	0.06029039896998551
FRUURt2rpp	0.05879954380835998
FTHFD	0.050712011728523965
FUCtpp	0.04393300333988625
UAGDP	0.028305088044245155
G1PACT	0.028305088044245155
G1PPpp	0.023424612848738865
GAL1PPpp	0.023424612848738865
G1PTT	0.037356482505446
G1SAT	0.030820582744044613
G2PP	0.033103548829927755
NTD1pp	0.03245816801740744
TYRPpp	0.043231092821159785
NTD9pp	0.03245816801740744
G2PPpp	0.043231092821159785
NTD3pp	0.03245816801740744
NTD10pp	0.03245816801740744
NTD4pp	0.03245816801740744
NTD8pp	0.03245816801740744
NTD5pp	0.03245816801740744
NTD11pp	0.03245816801740744
NTD12pp	0.03245816801740744
PSP_Lpp	0.043231092821159785
NTD6pp	0.03245816801740744
R5PPpp	0.043231092821159785
NTD7pp	0.03245816801740744
PTHRpp	0.043231092821159785
NTD2pp	0.03245816801740744
GLYC2Pabcpp	0.055868416760470975
GLYC3Pabcpp	0.055868416760470975
G3PSabcpp	0.055868416760470975
G3PEabcpp	0.055868416760470975
G3PGabcpp	0.055868416760470975
G3PD2	0.028857797207247172
G3PD5	0.04841769336557483
G3PD7	0.04841769336557483
G3PD6	0.04841769336557483
G5SD	0.04135317907004618
G6PDA	0.04162092291077944
G6PDH2r	0.04794244225629519
GALCTD	0.036597270016767394
GALCTLO	0.05017930419654298
GALCTND	0.04343219030061447
GALCTNLt2pp	0.08128801854421489
GALCTNt2pp	0.04689579320136067
GLYCAt2rpp	0.02749521505382987
GLCRt2rpp	0.02749521505382987
GALCTt2rpp	0.02749521505382987
GALKr	0.039434953151392116
GALM2pp	0.027018651096182053
GALS3	0.016022078711592235
GALT1	1.0
GALURt2rpp	0.017343344754599296
GALUi	0.029721651433506854
GALabcpp	0.0276890532540723
GLCabcpp	0.030311506482690792
GALt2pp	0.04234484294626651
GLCt2pp	0.04234484294626651
GARFT	0.03832721803415012
LCADi	0.04776876013982298
GCALDD	0.04776876013982298
GDPDPK	0.03402779408112353
GTPDPK	0.03402779408112353
PPGPPDP	0.04057790349545106
GDPTPDP	0.04057790349545106
GDPMNH	0.2630503305906644
GDPMNP	0.05780355525516212
GF6PTA	0.022855531694321946
GGGABAH	0.17247553159547221
GGPTRCO	0.48600434135787446
GGPTRCS	0.37089812111319653
GLNS	0.027523943265180543
GLBRAN2	0.025166299275060578
GLCDpp	0.034651628735130835
GLCP2	0.020594497898824803
MLTP1	0.03304794584021678
MLTP2	0.03304794584021678
GLCP	0.020594497898824803
MLTP3	0.03304794584021678
GLCRAL	0.031071027876867798
GLCRD	0.02737590030507507
GLCS1	0.022899705180592332
GLCTR1	0.7333732387753009
GLCTR2	1.0
GLCTR3	1.0
GLDBRAN2	0.025128921709754864
GLGC	0.022531258147382518
GLNabcpp	0.02733311689354746
GLTPD	0.07440707134110705
GLU5K	0.041541534197692104
GLUABUTt7pp	0.041466779067080684
GLUCYS	0.03072320028567581
GLUDC	0.04177776967758915
GLUDy	0.0458136972404854
GLUPRT	0.04101384638006003
GLUR	0.03640960992649285
GLUSy	0.050339008339212836
GLUTRR	0.06030113343605471
GLUTRS	0.03591404828069378
GLUt4pp	0.031679031124082394
GLXCL	0.06837623206958035
GLYALDtpp	0.03039591491012704
UREAtpp	0.03039591491012704
GLYCtpp	0.03039591491012704
GLYAT	0.026925670541165365
GLYC3Pt6pp	0.033141466979855656
GLYCK	0.05958771618751305
GLYCK2	0.02973400765344263
GLYCTO3	0.05830900187690981
GLYCTO2	0.05830900187690981
GLYCTO4	0.05830900187690981
GLYK	0.02913913288990979
GLYOX	0.032476084536314315
GMHEPK	0.05118502327294025
GMHEPAT	0.05118502327294025
GMHEPPA	0.053278630288307684
GMPR	0.029664890048176903
GMPS2	0.03296346018640593
GND	0.0470622160386206
GNK	0.028214347054091826
GPDDA4	0.06912864863729429
GPDDA3	0.06912864863729429
GPDDA2	0.06912864863729429
GPDDA2pp	0.029989935858862317
GPDDA4pp	0.029989935858862317
GPDDA3pp	0.029989935858862317
GPDDA5pp	0.029989935858862317
GPDDA1pp	0.029989935858862317
GSNK	0.04528477380085975
INSK	0.04528477380085975
GSPMDA	0.0318092347916556
GSPMDS	0.0318092347916556
GTHOr	0.04279198365519227
GTHPi	0.046066381938171946
GTHRDHpp	0.06288126661139318
GTHRDabcpp	0.040557284053433236
GTHS	0.03831154108010661
GTPCI	0.036035757047061134
GTPCII2	0.03282692395611565
GTPDPDP	0.039880472106451306
GUAD	0.02752247596406317
HXPRT	0.033948482594410787
GUAPRT	0.033948482594410787
XPPT	0.04051820750788636
GUI1	0.020817836574163886
GUI2	0.020817836574163886
H2Otpp	0.03421707592526464
HADPCOADH3	0.1498560809282981
HBZOPT	0.03908890176681589
HPPPNt2rpp	0.05559480371526821
HCINNMt2rpp	0.05559480371526821
HCO3E	0.036390457785592405
HCYSMT	1.0
HCYSMT2	1.0
HEMEOS	0.03965589780911864
HEPK1	1.0
HEPK2	1.0
HEPT1	0.043419834080678704
HEPT2	0.03884548423408117
HEPT3	0.813389956740874
HEPT4	1.0
HEX1	0.0301102545504869
HEX7	0.03192152194032193
HISTD	0.14102601725669675
IGPDH	0.0668269165423837
HISTP	0.0668269165423837
HISt2rpp	0.033529220606715114
TYRt2rpp	0.033529220606715114
TRPt2rpp	0.033529220606715114
PHEt2rpp	0.033529220606715114
HKNTDH	0.07590001161484675
HKNDDH	0.07590001161484675
HMBS	0.030064768215848338
PYDAMK	0.05006554974675928
PYDXNK	0.05006554974675928
PYDXK	0.05006554974675928
PMPK	0.05901191633850607
THRt2pp	0.0330141979145172
HOMt2pp	0.053403196430535184
HOPNTAL	0.08024569416625789
HPPK2	0.24787341732267898
HPYRI	0.06457252421510201
HSK	0.03204176340557191
HSST	0.041577212782756647
HSTPT	0.07256313719481682
HXAND	0.025516520883865124
XAND	0.025516520883865124
HYD2pp	0.018034211901758166
HYD3pp	0.018034211901758166
I2FE2SR	0.02884096185758468
MOADSUx	0.032919363926510146
THZPSN3	0.032919363926510146
I2FE2SS2	0.02884096185758468
I2FE2SS	0.02884096185758468
ICYSDS	0.032919363926510146
I4FE4SR	0.02884096185758468
I2FE2ST	0.025041887585582272
I4FE4ST	0.025041887585582272
S2FE2SS2	0.04950851590677973
S2FE2SS	0.04950851590677973
ICDHyr	0.02207052559652741
ICHORS_copy1	0.05020293546717015
ICHORS_copy2	0.09465451391248583
ICHORT	0.04286241410882617
ICL	0.032101999977758804
IDOND	0.07724722571971893
IDOND2	0.07724722571971893
IG3PS	0.0592107742530974
IGPS	0.07254993148476047
PRAIi	0.07254993148476047
VALTA	0.03241214109814669
LEUTAi	0.03241214109814669
ILETA	0.03241214109814669
VALt2rpp	0.03662901005672741
LEUt2rpp	0.03662901005672741
ILEt2rpp	0.03662901005672741
IMPD	0.041149146988356734
INDOLEt2rpp	0.052824307526544254
IPDDI	0.04801549840666544
IPMD	0.054895055535030504
IPPMIb	0.06414013374372458
IPPMIa	0.06414013374372458
IPPS	0.07978928629238029
KDOCT2	0.03301690083762815
KDOPP	0.032179149125982784
KDOPS	0.029047619636010477
KG6PDC	0.042124747778660564
Kabcpp	0.05709438545722339
Kt2pp	0.03271872980530304
L_LACD3	0.02801386738563392
L_LACD2	0.02801386738563392
LA4NTpp	0.042605481960536706
LACZ	0.030726521019783543
LACZpp	0.04972799326338889
LADGMDH	0.050094664089982935
LALADGLUtpp	0.024010915484691264
LALALGLUtpp	0.024010915484691264
LCARS	0.018354315224469273
LCTStpp	0.028459618019816908
LDH_D	0.030759496681737136
LDH_D2	0.030759496681737136
LGTHL	0.036656348193335304
LIPAHT2ex	0.11143858526224223
LIPAHTex	0.11143858526224223
LIPAMPL	0.045626268829334654
OCTNLL	0.045626268829334654
LIPATPT	0.045626268829334654
LIPOCT	0.03726635932628947
LIPOS	0.03101758722564558
LPADSS	0.043414659913580594
LPLIPAL1G161pp	0.0371559256106135
LPLIPAL1E141pp	0.0371559256106135
LPLIPAL1G180pp	0.0371559256106135
LPLIPAL1E160pp	0.0371559256106135
LPLIPAL1A140pp	0.0371559256106135
LPLIPAL1G181pp	0.0371559256106135
LPLIPAL1E161pp	0.0371559256106135
LPLIPAL1A141pp	0.0371559256106135
LPLIPAL1E180pp	0.0371559256106135
LPLIPAL1A160pp	0.0371559256106135
LPLIPAL1E181pp	0.0371559256106135
LPLIPAL1A161pp	0.0371559256106135
LPLIPAL1G120pp	0.0371559256106135
LPLIPAL1A180pp	0.0371559256106135
LPLIPAL1G140pp	0.0371559256106135
LPLIPAL1A181pp	0.0371559256106135
LPLIPAL1G141pp	0.0371559256106135
LPLIPAL1E120pp	0.0371559256106135
LPLIPAL1A120pp	0.0371559256106135
LPLIPAL1G160pp	0.0371559256106135
LPLIPAL1E140pp	0.0371559256106135
LPLIPAL2E120	0.0345503077316575
LPLIPAL2E140	0.0345503077316575
LPLIPAL2E141	0.0345503077316575
LPLIPAL2A141	0.0345503077316575
LPLIPAL2E160	0.0345503077316575
LPLIPAL2E161	0.0345503077316575
LPLIPAL2E180	0.0345503077316575
LPLIPAL2E181	0.0345503077316575
LPLIPAL2G120	0.0345503077316575
LPLIPAL2A120	0.0345503077316575
LPLIPAL2G140	0.0345503077316575
LPLIPAL2G141	0.0345503077316575
LPLIPAL2A140	0.0345503077316575
LPLIPAL2G160	0.0345503077316575
LPLIPAL2A160	0.0345503077316575
LPLIPAL2G161	0.0345503077316575
LPLIPAL2A161	0.0345503077316575
LPLIPAL2G180	0.0345503077316575
LPLIPAL2A180	0.0345503077316575
LPLIPAL2G181	0.0345503077316575
LPLIPAL2A181	0.0345503077316575
LYSDC	0.03641926322331767
LYSt2pp	0.03845533658960916
RMI	0.033360249299093425
LYXI	0.033360249299093425
RMNtpp	0.027584025384618238
LYXt2pp	0.027584025384618238
M1PD	0.03456451738458364
MALCOAMT	0.10649455276044131
MALDDH	0.08133443159534862
MALS	0.03463564287558893
MAN1PT2	0.08986779153574222
MAN6PI	0.040608948498039685
MANAO	0.039557665860629254
MANPGH	0.1976242232571243
MCITD	0.07680440968777068
MCITL2	0.06460410980231283
MCITS	0.11240121202161352
MPTG2	0.04697518191444801
MCTP1App	0.039589637579713066
MPTG	0.04697518191444801
MCTP2App	0.039589637579713066
MCTP1Bpp	0.04697518191444801
MDDCP5pp	0.0315758566876187
MDDCP4pp	0.0315758566876187
MDDCP2pp	0.0315758566876187
MDDCP1pp	0.0315758566876187
MDDCP3pp	0.0315758566876187
MDDEP1pp	0.040424763594622076
MDDEP4pp	0.040424763594622076
MDDEP2pp	0.040424763594622076
MDDEP3pp	0.040424763594622076
MDH	0.019890193362485778
MDH3	0.07110023798079597
MDH2	0.07110023798079597
ME1	0.03727663043411108
ME2	0.026510733230447208
MECDPS	0.062382615910610166
MELIBt2pp	0.044029150176261474
MEPCT	0.04845592042100112
METAT	0.045571438103369666
METabcpp	0.031669609506381376
METS	0.03781204088920301
NI2uabcpp	0.04095391871337153
MG2uabcpp	0.04431195316004147
MGSA	0.027391808938242376
MLTG4	0.058202352253589176
MLTG5	0.058202352253589176
MLTG1	0.058202352253589176
MLTG2	0.058202352253589176
MLTG3	0.058202352253589176
MLTGY3pp	0.03518711641659737
MLTGY1pp	0.03518711641659737
MLTGY4pp	0.03518711641659737
MLTGY2pp	0.03518711641659737
MMCD	0.2562349485795908
MMETt2pp	1.0
MMM	0.057743318682975234
MNNH	0.04481770868728755
MPTS	0.041168685261130177
MOAT	0.045664186979262555
MOAT2	0.045664186979262555
MOAT3C	1.0
SULabcpp	0.0381331481547839
MOBDabcpp	0.0381331481547839
MOCDS	0.03223984905641727
MOHMT	0.0592812047067313
MPTAT	0.03922698252459814
MPTSS	0.11536477414683391
MTHFC	0.03601027234344361
MTHFD	0.03601027234344361
MTHFR2	0.0951619684199731
NADDP	0.033044779558858234
NADH9	0.055896449934450254
NADH5	0.055896449934450254
NADH10	0.055896449934450254
NADH17pp	0.024630425461721048
NADH18pp	0.024630425461721048
NADH16pp	0.024630425461721048
NADK	0.05175842910433469
NADPHQR2	0.062390570227193826
NADPHQR3	0.062390570227193826
NADPHQR4	0.062390570227193826
NADS1	0.07639163471554129
THD2pp	0.02325000401577148
NADTRHD	0.02325000401577148
NAMNPP	0.04244485110137167
NAt3_1p5pp	0.05421538621218843
NAt3_2pp	0.032025931998779206
NH4tpp	0.03311860797297448
NHFRBO	0.05984287212918676
NMNAT	0.0450970364842106
NNATr	0.0450970364842106
NMNPtpp	0.03704441072569315
NNAM	0.0694156218453026
NNDPR	0.05483273385072945
NO2t2rpp	0.043117492824125275
NO3t7pp	0.043117492824125275
NO3R2bpp	0.032809779700954764
NO3R1bpp	0.032809779700954764
NO3R1pp	0.0645789340041937
NO3R2pp	0.0645789340041937
NODOy	0.04507618536306899
NODOx	0.04507618536306899
NTD2	0.03173586973578695
NTD1	0.03173586973578695
NTD5	0.03173586973578695
NTD8	0.03173586973578695
NTD12	0.03173586973578695
NTD6	0.03173586973578695
NTD3	0.03173586973578695
NTD9	0.03173586973578695
NTD11	0.03173586973578695
NTD7	0.03173586973578695
NTD10	0.03173586973578695
PPA2	0.03173586973578695
NTD4	0.03173586973578695
PPA	0.026227698567543423
UDPGPpp	0.03245816801740744
UGLCURPpp	0.03245816801740744
UACGALPpp	0.03245816801740744
UACGAMPpp	0.03245816801740744
UDPGALPpp	0.03245816801740744
NTP1	0.049355453232325354
NTP10	0.049355453232325354
NTP3	0.049355453232325354
NTP5	0.049355453232325354
PHYTSpp	0.048648677451999175
NTP3pp	0.048648677451999175
NTPP6	0.03694247191122303
NTPP4	0.03694247191122303
NTPP8	0.03694247191122303
NTPP10	0.05991809061804577
NTPP9	0.05991809061804577
NTPP11	0.05991809061804577
NTPTP1	0.05181912903476917
NTPTP2	0.05181912903476917
NTRIR2x	0.047854095283754415
NTRIR4pp	0.026894625538576737
NTRIR3pp	0.026894625538576737
PFL	0.00048521331160286126
OBTFL	0.00048521331160286126
OCBT	0.09567838118691377
OCTDPS	0.0310491728128564
OHPBAT	0.03528951858931508
PSERT	0.03528951858931508
OMMBLHX	0.055325515347042976
OMPDC	0.042201433568636953
OMPHHX	0.04166803099928458
OP4ENH	0.05855126101402555
OPHBDC	0.02665012683659764
OPHHX	0.03798047161220251
ORNDC	0.047491054096766495
ORPT	0.06025070461344184
OXCOAHDH	0.1562941348730831
REPHACCOAI	0.4034498102702429
PROD2	0.062448103876269756
P5CD	0.062448103876269756
P5CR	0.05157972727351358
PACCOAE	0.1059747420330183
PACCOAL	0.2341455797476613
PANTS	0.0331824741847675
PAPA181pp	0.047316290811049926
PGPP120	0.045051164017699055
UDCPDP	0.041357040388776106
PGPP140	0.045051164017699055
PAPA120	0.047316290811049926
PGPP120pp	0.045051164017699055
PGPP140pp	0.045051164017699055
PAPA140	0.047316290811049926
PGPP141	0.045051164017699055
PGPP141pp	0.045051164017699055
PAPA120pp	0.047316290811049926
PGPP160	0.045051164017699055
PAPA140pp	0.047316290811049926
PGPP160pp	0.045051164017699055
PAPA141	0.047316290811049926
UDCPDPpp	0.041357040388776106
PGPP161	0.045051164017699055
PAPA141pp	0.047316290811049926
PGPP161pp	0.045051164017699055
PAPA160	0.047316290811049926
PGPP180	0.045051164017699055
PAPA160pp	0.047316290811049926
PGPP180pp	0.045051164017699055
PAPA161	0.047316290811049926
PGPP181	0.045051164017699055
PAPA161pp	0.047316290811049926
PGPP181pp	0.045051164017699055
PAPA180	0.047316290811049926
PAPA180pp	0.047316290811049926
PAPA181	0.047316290811049926
PAPPT3	0.030455147539444147
PDE4	0.05370824061019957
PDE1	0.05370824061019957
PDX5POi	0.04839305815207789
PYAM5PO	0.04839305815207789
PDX5PS	0.03654954411726547
PDXPP	0.060083741191559716
PERD	0.04214312765581502
PETNT161pp	0.036227896267062396
PETNT181pp	0.036227896267062396
PFK	0.02754131919946522
PFK_3	0.02754131919946522
PFK_2	0.02754131919946522
PGAMT	0.035449917769356326
PGCD	0.03745355605831641
PGI	0.025030766987640077
PGK	0.019859457265395543
PGL	0.037939078275417676
PGM	0.02456702260817562
PGMT	0.027340376172759726
PGSA181	0.030215668551813957
PGSA141	0.030215668551813957
PGSA120	0.030215668551813957
PGSA160	0.030215668551813957
PGSA140	0.030215668551813957
PGSA161	0.030215668551813957
PGSA180	0.030215668551813957
PHEMEabcpp	0.029033255530335138
PIt2rpp	0.031972877479429986
PIuabcpp	0.035229668149001185
PLIPA1E160pp	0.06361252315246711
PLIPA1E161pp	0.06361252315246711
PLIPA2G161pp	0.06361252315246711
PLIPA1E180pp	0.06361252315246711
PLIPA1E181pp	0.06361252315246711
PLIPA1G120pp	0.06361252315246711
PLIPA2G160pp	0.06361252315246711
PLIPA1G140pp	0.06361252315246711
PLIPA1G141pp	0.06361252315246711
PLIPA1G160pp	0.06361252315246711
PLIPA1G161pp	0.06361252315246711
PLIPA1G180pp	0.06361252315246711
PLIPA2E141pp	0.06361252315246711
PLIPA2E180pp	0.06361252315246711
PLIPA1G181pp	0.06361252315246711
PLIPA2G141pp	0.06361252315246711
PLIPA2A120pp	0.06361252315246711
PLIPA2A140pp	0.06361252315246711
PLIPA2E160pp	0.06361252315246711
PLIPA2A141pp	0.06361252315246711
PLIPA2A160pp	0.06361252315246711
PLIPA2A161pp	0.06361252315246711
PLIPA2A180pp	0.06361252315246711
PLIPA2G181pp	0.06361252315246711
PLIPA2G140pp	0.06361252315246711
PLIPA2E140pp	0.06361252315246711
PLIPA2A181pp	0.06361252315246711
PLIPA1A120pp	0.06361252315246711
PLIPA1A140pp	0.06361252315246711
PLIPA2E161pp	0.06361252315246711
PLIPA1A141pp	0.06361252315246711
PLIPA1A160pp	0.06361252315246711
PLIPA1A161pp	0.06361252315246711
PLIPA2G180pp	0.06361252315246711
PLIPA2E181pp	0.06361252315246711
PLIPA1A180pp	0.06361252315246711
PLIPA1A181pp	0.06361252315246711
PLIPA2E120pp	0.06361252315246711
PLIPA1E120pp	0.06361252315246711
PLIPA1E140pp	0.06361252315246711
PLIPA2G120pp	0.06361252315246711
PLIPA1E141pp	0.06361252315246711
PMANM	0.05139793638770853
PMEACPE	0.03717530943063774
PNTK	0.04001276088613867
PNTOt4pp	0.05563079120583115
POAACR	0.12626998773027362
POX	0.03911330530118904
PPAt4pp	0.050881909752640835
PROt4pp	0.050881909752640835
PPBNGS	0.03421414132302989
PPC	0.041124434548485196
PPCDC	0.04230499413697364
PPNCL2	0.04230499413697364
PPCK	0.01853680114764571
PPCSCT	0.11818415463067876
PPK	0.035442890169267854
PPK2	0.035442890169267854
PPM2	0.02299152733999004
PPM	0.02299152733999004
PPPGO3	0.05816242621792171
PPPGO	0.05816242621792171
PPPNt2rpp	0.04446517028724505
PPS	0.017012352513069793
PPTHpp	0.07540035697119395
PRAGSr	0.040958166163974456
PRAIS	0.03297844210307806
PRAMPC	0.061383847207926764
PRATPP	0.061383847207926764
PRASCSi	0.03136912168281831
PRFGS	0.03461625905556469
PRMICI	0.053227506428323426
PRPPS	0.02253550559798544
PSCVT	0.058863332793778395
PSD141	0.03126285819137067
PSD161	0.03126285819137067
PSD180	0.03126285819137067
PSD140	0.03126285819137067
PSD120	0.03126285819137067
PSD181	0.03126285819137067
PSD160	0.03126285819137067
PSP_L	0.06430578431723853
PSSA160	0.026645261574997935
PSSA120	0.026645261574997935
PSSA141	0.026645261574997935
PSSA181	0.026645261574997935
PSSA180	0.026645261574997935
PSSA140	0.026645261574997935
PSSA161	0.026645261574997935
PTAr	0.024965201795605883
PTA2	0.024965201795605883
PTPATi	0.04986777300141232
PTRCt2pp	0.03211628685705954
PTRCORNt7pp	0.03211628685705954
PTRCTA	0.043606876359956456
PTRCabcpp	0.04563321920304853
SPMDabcpp	0.04563321920304853
PUNP7	0.6432917618610445
PYK	0.024515203710819975
PYNP2r	0.023944886934409475
PYROX	0.0833227790621382
QUINDH	0.058675518250754656
SHK3Dr	0.03338735575657753
QULNS	0.06800585437700557
R15BPK	0.1692201310006438
RBFSa	0.04470225525726268
RBFSb	0.03211466510319297
RBK	0.03196299250348136
RBK_L1	0.03387573534953893
RBP4E	0.04199438965833817
RHAT1	1.0
RHCCE	0.025518760448728483
RMK	0.042557987740158586
RMPA	0.038331928843000636
RPE	0.031977974420153495
S4FE4SR	0.04950851590677973
S2FE2ST	0.04950851590677973
S2FE2SR	0.04950851590677973
S4FE4ST	0.04950851590677973
SCYSDS	0.05306285979767925
S7PI	0.03945997449676205
SADH	0.12634752301037058
SADT2	0.08365678313227705
SBTPD	0.030316062838792106
SDPDS	0.036656348193335304
SEPHCHCS	0.05328897862250389
SERASr	0.0698716435873072
SERAT	0.04471569264644283
SERD_D	0.04062215420809605
SERt2rpp	0.014437470731204027
THRt2rpp	0.014437470731204027
THRt4pp	0.032899902880111305
SERt4pp	0.032899902880111305
SFGTHi	0.04345921953172398
SGDS	0.06372380635826365
SGSAD	0.07184014387582494
SHCHCS3	0.057466616582788524
SHCHF	0.05117127697826171
SHCHD2	0.05117127697826171
UPP3MT	0.031112498440027236
SHKK	0.026427251519506145
SHSL1	0.046865443236143424
SKMt2pp	0.08189339609469314
SO4t2pp	0.03548127167744335
SPMDt3pp	0.053776508725344715
SSALy	0.10447346131082194
SSALx	0.10451701698609554
SUCBZL	0.06408453075401362
SUCBZS	0.053570777663414094
SUCDi	0.03253948738985974
SUCOAS	0.02801880987360823
TAGURr	0.024564937496061454
TALA	0.016515632471651744
TARTD	0.0703549262395451
TARTRt7pp	0.05354807310928211
TAUDO	0.180020393941004
TDPADGAT	0.06569887088862227
TDPAGTA	0.05810921724582329
TDPDRE	1.0
TDPDRR	1.0
TDPGDH	0.0463727389662045
TDSK	0.05640243714082013
TGBPA	0.061480843534422576
THDPS	0.03628434874689396
THMabcpp	0.04726478081919267
THRD	0.031209726445646842
THRD_L	0.01455624489533664
TKT2	0.023532498094053077
TKT1	0.023532498094053077
TMDS	0.05125120627597123
TMK	0.04686266308665788
TMPK	0.04179228823601369
TMPPP	0.0625223956486336
TPI	0.01907723131708655
TRE6PH	0.07716636970551422
TRE6PP	0.04504405919123598
TRE6PS	0.04581717242734234
TREH	0.047059899247382644
TREHpp	0.05618218752046499
TRPS2	0.06263228877968736
TRPS3	0.06263228877968736
TRPS1	0.06263228877968736
TRSARr	0.024988601387109254
TYRL	0.05490223758786818
U23GAAT	0.023384532360322202
UAAGDS	0.03270953986672581
UACMAMO	0.05332403939657165
UAG2E	0.05810921724582329
UAGCVT	0.03372213209046236
UAGPT3	0.028700795987688262
UAMAGS	0.03036919458451593
UAMAS	0.03145283507288316
UAPGR	0.04375862618604267
UDCPDPS	0.02686898638221001
UDPG4E	0.052374232215383745
UDPGD	0.33470258269709097
UDPGDC	0.05427747621736568
ULA4NFT	0.05427747621736568
UDPKAAT	0.05002253465610787
UGLT	0.05057794674222084
UGLYCH	0.07580085294986218
UGMDDS	0.03393265118761808
UHGADA	0.010298214279094883
ULA4Ntppi	0.03910782222859254
UM3PL	0.03437430882394734
UM4PL	0.03437430882394734
UPLA4FNF	0.08556018158700818
UPLA4FNT	0.043170161211601506
UPP3S	0.03448651874623908
UPPDC1	0.04539621145940549
UPPRT	0.02883841338722293
URACPAH	0.058961255836769394
URAt2pp_copy1	0.04980421569511769
URAt2pp_copy2	0.04631922108860769
URDGLYCD	0.05569234062638622
USHD	0.07707315747137372
VPAMTr	0.03376043637226325
X5PL3E	0.03682192154047465
XYLI1	0.036402814005528174
XYLI2	0.036402814005528174
XYLUt2pp	0.06191238451567943
XYLabcpp	0.034392225342854216
XYLt2pp	0.10361107438567964
ZNabcpp	0.03799939207397916
DM_4crsol_c	0.04507618536306899
DM_5drib_c	0.04507618536306899
DM_aacald_c	0.04507618536306899
DM_amob_c	0.04507618536306899
DM_mththf_c	0.04507618536306899
DM_oxam_c	0.04507618536306899
BIOMASS_Ec_iJO1366_WT_53p95M	0.04507618536306899
BIOMASS_Ec_iJO1366_core_53p95M	0.04507618536306899
EX_12ppd__R_e	0.04507618536306899
EX_12ppd__S_e	0.04507618536306899
EX_14glucan_e	0.04507618536306899
EX_15dap_e	0.04507618536306899
EX_23camp_e	0.04507618536306899
EX_23ccmp_e	0.04507618536306899
EX_23cgmp_e	0.04507618536306899
EX_23cump_e	0.04507618536306899
EX_23dappa_e	0.04507618536306899
EX_26dap__M_e	0.04507618536306899
EX_2ddglcn_e	0.04507618536306899
EX_34dhpac_e	0.04507618536306899
EX_3amp_e	0.04507618536306899
EX_3cmp_e	0.04507618536306899
EX_3gmp_e	0.04507618536306899
EX_3hcinnm_e	0.04507618536306899
EX_3hpp_e	0.04507618536306899
EX_3hpppn_e	0.04507618536306899
EX_3ump_e	0.04507618536306899
EX_4abut_e	0.04507618536306899
EX_4hoxpacd_e	0.04507618536306899
EX_5dglcn_e	0.04507618536306899
EX_5mtr_e	0.04507618536306899
EX_LalaDglu_e	0.04507618536306899
EX_LalaDgluMdap_e	0.04507618536306899
EX_LalaDgluMdapDala_e	0.04507618536306899
EX_LalaLglu_e	0.04507618536306899
EX_ac_e	0.04507618536306899
EX_acac_e	0.04507618536306899
EX_acald_e	0.04507618536306899
EX_acgal_e	0.04507618536306899
EX_acgal1p_e	0.04507618536306899
EX_acgam_e	0.04507618536306899
EX_acgam1p_e	0.04507618536306899
EX_acmana_e	0.04507618536306899
EX_acmum_e	0.04507618536306899
EX_acnam_e	0.04507618536306899
EX_acolipa_e	0.04507618536306899
EX_acser_e	0.04507618536306899
EX_ade_e	0.04507618536306899
EX_adn_e	0.04507618536306899
EX_adocbl_e	0.04507618536306899
EX_agm_e	0.04507618536306899
EX_akg_e	0.04507618536306899
EX_ala_B_e	0.04507618536306899
EX_ala__D_e	0.04507618536306899
EX_ala__L_e	0.04507618536306899
EX_alaala_e	0.04507618536306899
EX_all__D_e	0.04507618536306899
EX_alltn_e	0.04507618536306899
EX_amp_e	0.04507618536306899
EX_anhgm_e	0.04507618536306899
EX_arab__L_e	0.04507618536306899
EX_arbtn_e	0.04507618536306899
EX_arbtn_fe3_e	0.04507618536306899
EX_arg__L_e	0.04507618536306899
EX_ascb__L_e	0.04507618536306899
EX_asn__L_e	0.04507618536306899
EX_asp__L_e	0.04507618536306899
EX_btn_e	0.04507618536306899
EX_but_e	0.04507618536306899
EX_butso3_e	0.04507618536306899
EX_ca2_e	0.04507618536306899
EX_cbl1_e	0.04507618536306899
EX_cgly_e	0.04507618536306899
EX_chol_e	0.04507618536306899
EX_chtbs_e	0.04507618536306899
EX_cit_e	0.04507618536306899
EX_cl_e	0.04507618536306899
EX_cmp_e	0.04507618536306899
EX_co2_e	0.04507618536306899
EX_cobalt2_e	0.04507618536306899
EX_colipa_e	0.04507618536306899
EX_colipap_e	0.04507618536306899
EX_cpgn_e	0.04507618536306899
EX_cpgn_un_e	0.04507618536306899
EX_csn_e	0.04507618536306899
EX_cu_e	0.04507618536306899
EX_cu2_e	0.04507618536306899
EX_cyan_e	0.04507618536306899
EX_cynt_e	0.04507618536306899
EX_cys__D_e	0.04507618536306899
EX_cys__L_e	0.04507618536306899
EX_cytd_e	0.04507618536306899
EX_dad_2_e	0.04507618536306899
EX_damp_e	0.04507618536306899
EX_dca_e	0.04507618536306899
EX_dcmp_e	0.04507618536306899
EX_dcyt_e	0.04507618536306899
EX_ddca_e	0.04507618536306899
EX_dgmp_e	0.04507618536306899
EX_dgsn_e	0.04507618536306899
EX_dha_e	0.04507618536306899
EX_dimp_e	0.04507618536306899
EX_din_e	0.04507618536306899
EX_dms_e	0.04507618536306899
EX_dmso_e	0.04507618536306899
EX_dopa_e	0.04507618536306899
EX_dtmp_e	0.04507618536306899
EX_dump_e	0.04507618536306899
EX_duri_e	0.04507618536306899
EX_eca4colipa_e	0.04507618536306899
EX_enlipa_e	0.04507618536306899
EX_enter_e	0.04507618536306899
EX_etha_e	0.04507618536306899
EX_ethso3_e	0.04507618536306899
EX_etoh_e	0.04507618536306899
EX_f6p_e	0.04507618536306899
EX_fald_e	0.04507618536306899
EX_fe2_e	0.04507618536306899
EX_fe3_e	0.04507618536306899
EX_fe3dcit_e	0.04507618536306899
EX_fe3dhbzs_e	0.04507618536306899
EX_fe3hox_e	0.04507618536306899
EX_fe3hox_un_e	0.04507618536306899
EX_fecrm_e	0.04507618536306899
EX_fecrm_un_e	0.04507618536306899
EX_feenter_e	0.04507618536306899
EX_feoxam_e	0.04507618536306899
EX_feoxam_un_e	0.04507618536306899
EX_for_e	0.04507618536306899
EX_fru_e	0.04507618536306899
EX_frulys_e	0.04507618536306899
EX_fruur_e	0.04507618536306899
EX_fuc__L_e	0.04507618536306899
EX_fum_e	0.04507618536306899
EX_g1p_e	0.04507618536306899
EX_g3pc_e	0.04507618536306899
EX_g3pe_e	0.04507618536306899
EX_g3pg_e	0.04507618536306899
EX_g3pi_e	0.04507618536306899
EX_g3ps_e	0.04507618536306899
EX_g6p_e	0.04507618536306899
EX_gal_e	0.04507618536306899
EX_gal_bD_e	0.04507618536306899
EX_gal1p_e	0.04507618536306899
EX_galct__D_e	0.04507618536306899
EX_galctn__D_e	0.04507618536306899
EX_galctn__L_e	0.04507618536306899
EX_galt_e	0.04507618536306899
EX_galur_e	0.04507618536306899
EX_gam_e	0.04507618536306899
EX_gam6p_e	0.04507618536306899
EX_gdp_e	0.04507618536306899
EX_glc__D_e	0.04507618536306899
EX_glcn_e	0.04507618536306899
EX_glcr_e	0.04507618536306899
EX_glcur_e	0.04507618536306899
EX_glcur1p_e	0.04507618536306899
EX_gln__L_e	0.04507618536306899
EX_glu__L_e	0.04507618536306899
EX_gly_e	0.04507618536306899
EX_glyald_e	0.04507618536306899
EX_glyc_e	0.04507618536306899
EX_glyc__R_e	0.04507618536306899
EX_glyc2p_e	0.04507618536306899
EX_glyc3p_e	0.04507618536306899
EX_glyclt_e	0.04507618536306899
EX_gmp_e	0.04507618536306899
EX_gsn_e	0.04507618536306899
EX_gthrd_e	0.04507618536306899
EX_gtp_e	0.04507618536306899
EX_gua_e	0.04507618536306899
EX_h_e	0.04507618536306899
EX_h2_e	0.04507618536306899
EX_h2o_e	0.04507618536306899
EX_h2o2_e	0.04507618536306899
EX_h2s_e	0.04507618536306899
EX_hacolipa_e	0.04507618536306899
EX_halipa_e	0.04507618536306899
EX_hdca_e	0.04507618536306899
EX_hdcea_e	0.04507618536306899
EX_his__L_e	0.04507618536306899
EX_hom__L_e	0.04507618536306899
EX_hxa_e	0.04507618536306899
EX_hxan_e	0.04507618536306899
EX_idon__L_e	0.04507618536306899
EX_ile__L_e	0.04507618536306899
EX_imp_e	0.04507618536306899
EX_indole_e	0.04507618536306899
EX_inost_e	0.04507618536306899
EX_ins_e	0.04507618536306899
EX_isetac_e	0.04507618536306899
EX_k_e	0.04507618536306899
EX_kdo2lipid4_e	0.04507618536306899
EX_lac__D_e	0.04507618536306899
EX_lac__L_e	0.04507618536306899
EX_lcts_e	0.04507618536306899
EX_leu__L_e	0.04507618536306899
EX_lipa_e	0.04507618536306899
EX_lipa_cold_e	0.04507618536306899
EX_lipoate_e	0.04507618536306899
EX_lys__L_e	0.04507618536306899
EX_lyx__L_e	0.04507618536306899
EX_mal__D_e	0.04507618536306899
EX_mal__L_e	0.04507618536306899
EX_malt_e	0.04507618536306899
EX_malthx_e	0.04507618536306899
EX_maltpt_e	0.04507618536306899
EX_malttr_e	0.04507618536306899
EX_maltttr_e	0.04507618536306899
EX_man_e	0.04507618536306899
EX_man6p_e	0.04507618536306899
EX_manglyc_e	0.04507618536306899
EX_melib_e	0.04507618536306899
EX_meoh_e	0.04507618536306899
EX_met__L_e	0.04507618536306899
EX_metsox_R__L_e	0.04507618536306899
EX_metsox_S__L_e	0.04507618536306899
EX_mg2_e	0.04507618536306899
EX_minohp_e	0.04507618536306899
EX_mmet_e	0.04507618536306899
EX_mn2_e	0.04507618536306899
EX_mnl_e	0.04507618536306899
EX_mobd_e	0.04507618536306899
EX_mso3_e	0.04507618536306899
EX_n2o_e	0.04507618536306899
EX_nac_e	0.04507618536306899
EX_nh4_e	0.04507618536306899
EX_ni2_e	0.04507618536306899
EX_nmn_e	0.04507618536306899
EX_no_e	0.04507618536306899
EX_no2_e	0.04507618536306899
EX_no3_e	0.04507618536306899
EX_o2_e	0.04507618536306899
EX_ocdca_e	0.04507618536306899
EX_ocdcea_e	0.04507618536306899
EX_octa_e	0.04507618536306899
EX_orn_e	0.04507618536306899
EX_orot_e	0.04507618536306899
EX_pacald_e	0.04507618536306899
EX_peamn_e	0.04507618536306899
EX_phe__L_e	0.04507618536306899
EX_pheme_e	0.04507618536306899
EX_pi_e	0.04507618536306899
EX_pnto__R_e	0.04507618536306899
EX_ppa_e	0.04507618536306899
EX_ppal_e	0.04507618536306899
EX_pppn_e	0.04507618536306899
EX_ppt_e	0.04507618536306899
EX_pro__L_e	0.04507618536306899
EX_progly_e	0.04507618536306899
EX_psclys_e	0.04507618536306899
EX_pser__L_e	0.04507618536306899
EX_ptrc_e	0.04507618536306899
EX_pydam_e	0.04507618536306899
EX_pydx_e	0.04507618536306899
EX_pydxn_e	0.04507618536306899
EX_pyr_e	0.04507618536306899
EX_quin_e	0.04507618536306899
EX_r5p_e	0.04507618536306899
EX_rib__D_e	0.04507618536306899
EX_rmn_e	0.04507618536306899
EX_sbt__D_e	0.04507618536306899
EX_ser__D_e	0.04507618536306899
EX_ser__L_e	0.04507618536306899
EX_skm_e	0.04507618536306899
EX_so3_e	0.04507618536306899
EX_so4_e	0.04507618536306899
EX_spmd_e	0.04507618536306899
EX_succ_e	0.04507618536306899
EX_sucr_e	0.04507618536306899
EX_sulfac_e	0.04507618536306899
EX_tartr__D_e	0.04507618536306899
EX_tartr__L_e	0.04507618536306899
EX_taur_e	0.04507618536306899
EX_tcynt_e	0.04507618536306899
EX_thm_e	0.04507618536306899
EX_thr__L_e	0.04507618536306899
EX_thrp_e	0.04507618536306899
EX_thym_e	0.04507618536306899
EX_thymd_e	0.04507618536306899
EX_tma_e	0.04507618536306899
EX_tmao_e	0.04507618536306899
EX_tre_e	0.04507618536306899
EX_trp__L_e	0.04507618536306899
EX_tsul_e	0.04507618536306899
EX_ttdca_e	0.04507618536306899
EX_ttdcea_e	0.04507618536306899
EX_tym_e	0.04507618536306899
EX_tyr__L_e	0.04507618536306899
EX_tyrp_e	0.04507618536306899
EX_uacgam_e	0.04507618536306899
EX_udpacgal_e	0.04507618536306899
EX_udpg_e	0.04507618536306899
EX_udpgal_e	0.04507618536306899
EX_udpglcur_e	0.04507618536306899
EX_ump_e	0.04507618536306899
EX_ura_e	0.04507618536306899
EX_urea_e	0.04507618536306899
EX_uri_e	0.04507618536306899
EX_val__L_e	0.04507618536306899
EX_xan_e	0.04507618536306899
EX_xmp_e	0.04507618536306899
EX_xtsn_e	0.04507618536306899
EX_xyl__D_e	0.04507618536306899
EX_xylu__L_e	0.04507618536306899
EX_zn2_e	0.04507618536306899
12DGR120tipp	0.04507618536306899
12DGR140tipp	0.04507618536306899
12DGR141tipp	0.04507618536306899
12DGR160tipp	0.04507618536306899
12DGR161tipp	0.04507618536306899
12DGR180tipp	0.04507618536306899
12DGR181tipp	0.04507618536306899
12PPDRtpp	0.04507618536306899
12PPDStpp	0.04507618536306899
23DAPPAt2pp	0.04507618536306899
3HPPtpp	0.04507618536306899
4PCPpp	0.04507618536306899
5MTRtpp	0.04507618536306899
AACTOOR	0.04507618536306899
ACALDtpp	0.04507618536306899
ACGAL1PPpp	0.04507618536306899
ACGAM1PPpp	0.04507618536306899
ACt2rpp	0.04507618536306899
AGM4PCPpp	0.04507618536306899
ALAt2pp_copy2	0.04507618536306899
ALDD4	0.04507618536306899
AOBUTDs	0.04507618536306899
ARBTNR1	0.04507618536306899
ARBTNR2	0.04507618536306899
ARBTNR3	0.04507618536306899
ARBTNexs	0.04507618536306899
ARBTNtex	0.04507618536306899
ARBTNtonex	0.04507618536306899
ARBTNtpp	0.04507618536306899
ASNabcpp	0.04507618536306899
ASPt2pp_copy2	0.04507618536306899
ATPHs	0.04507618536306899
ATPM	0.04507618536306899
BTNt2ipp	0.04507618536306899
CBMD	0.04507618536306899
CITt3pp	0.04507618536306899
CLPNH120pp	0.04507618536306899
CLPNH140pp	0.04507618536306899
CLPNH141pp	0.04507618536306899
CLPNH160pp	0.04507618536306899
CLPNH161pp	0.04507618536306899
CLPNH180pp	0.04507618536306899
CLPNH181pp	0.04507618536306899
CMPN	0.04507618536306899
CO2tpp	0.04507618536306899
CPGNR1	0.04507618536306899
CPGNR2	0.04507618536306899
CPGNR3	0.04507618536306899
CPGNUtex	0.04507618536306899
CPGNUtpp	0.04507618536306899
CPGNexs	0.04507618536306899
CYSDabcpp	0.04507618536306899
CYSabcpp	0.04507618536306899
DAPabcpp	0.04507618536306899
DATPHs	0.04507618536306899
DHAtpp	0.04507618536306899
DHBSH	0.04507618536306899
DHORDfum	0.04507618536306899
DHPTDCs2	0.04507618536306899
DNMPPA	0.04507618536306899
ETHAt2pp	0.04507618536306899
ETOHtrpp	0.04507618536306899
FALDtpp	0.04507618536306899
FALGTHLs	0.04507618536306899
FE3DHBZR	0.04507618536306899
FE3HOXR1	0.04507618536306899
FE3HOXR2	0.04507618536306899
FE3HOXR3	0.04507618536306899
FE3HOXUtex	0.04507618536306899
FE3HOXUtpp	0.04507618536306899
FE3HOXexs	0.04507618536306899
FE3abcpp	0.04507618536306899
FECRMR1	0.04507618536306899
FECRMR2	0.04507618536306899
FECRMR3	0.04507618536306899
FECRMUtex	0.04507618536306899
FECRMUtpp	0.04507618536306899
FECRMexs	0.04507618536306899
FEENTERR1	0.04507618536306899
FEENTERR2	0.04507618536306899
FEENTERR3	0.04507618536306899
FEENTERexs	0.04507618536306899
FEOXAMUtex	0.04507618536306899
FEOXAMUtpp	0.04507618536306899
FEOXAMexs	0.04507618536306899
FESD1s	0.04507618536306899
FESD2s	0.04507618536306899
FFSD	0.04507618536306899
FTHFLi	0.04507618536306899
G5SADs	0.04507618536306899
GLYOX3	0.04507618536306899
GLYt2pp_copy2	0.04507618536306899
GTPHs	0.04507618536306899
GUACYC	0.04507618536306899
GUAtpp	0.04507618536306899
GUR1PPpp	0.04507618536306899
H2SO	0.04507618536306899
H2St1pp	0.04507618536306899
H2tpp	0.04507618536306899
HEX4	0.04507618536306899
HYPOE	0.04507618536306899
HYXNtpp	0.04507618536306899
LALDO3	0.04507618536306899
LCARR	0.04507618536306899
LIPOt2pp	0.04507618536306899
MALt3pp	0.04507618536306899
MEOHtrpp	0.04507618536306899
METOX1s	0.04507618536306899
METOX2s	0.04507618536306899
METSOX1abcpp	0.04507618536306899
METSOX2abcpp	0.04507618536306899
MG2t3_2pp	0.04507618536306899
MINOHPtexi	0.04507618536306899
MLDCP1App	0.04507618536306899
MLDCP1Bpp	0.04507618536306899
MLDCP2App	0.04507618536306899
MLDCP2Bpp	0.04507618536306899
MLDCP3App	0.04507618536306899
MLDEP1pp	0.04507618536306899
MLDEP2pp	0.04507618536306899
MOX	0.04507618536306899
MTHTHFSs	0.04507618536306899
N2Otpp	0.04507618536306899
NACtpp	0.04507618536306899
NADN	0.04507618536306899
NADPPPS	0.04507618536306899
NMNDA	0.04507618536306899
NMNN	0.04507618536306899
NMNt7pp	0.04507618536306899
NOVBCNtex	0.04507618536306899
NOtpp	0.04507618536306899
O2tpp	0.04507618536306899
OMCDC	0.04507618536306899
OMMBLHX3	0.04507618536306899
OMPHHX3	0.04507618536306899
OPHHX3	0.04507618536306899
OXAMTC	0.04507618536306899
PACALDt2rpp	0.04507618536306899
PDX5PO2	0.04507618536306899
PHEMEtiex	0.04507618536306899
PMDPHT	0.04507618536306899
PPALtpp	0.04507618536306899
PYDAMtpp	0.04507618536306899
PYDXNtpp	0.04507618536306899
PYDXtpp	0.04507618536306899
PYRt2rpp	0.04507618536306899
QUIN2tpp	0.04507618536306899
R1PK	0.04507618536306899
RFAMPtex	0.04507618536306899
SUCCt3pp	0.04507618536306899
THYMt3pp	0.04507618536306899
UDCPPtppi	0.04507618536306899
URIC	0.04507618536306899
XANtpp	0.04507618536306899
